Tên sản phẩm,Giá trước khi giảm,Giá sau khi giảm,Image_url
Tản nước AIO ASUS ROG RYUJIN 360,None,7.490.000đ,https://lh3.googleusercontent.com/NJR5wBLLiziTPAtOFp-48QtsIqEAXrZyWt2nxCjDnoFHimsowlFWqxbi7nJ6tnv7f6W6E1pgQbkrRRam=w500-rw
Mainboard ASUS EX-B365M-V5,None,LIÊN HỆ,https://lh3.googleusercontent.com/erYs0rC8ihwn-6_ZFkcjiCw6mWGKl_NPc-hdhmAAWIHuta9_gFuIe5RwL22W_MfOzTeQMcTlSGc9KsX_tD0=w500-rw
Quạt Case Cooler Master Masterfan SF360R ARGB,None,1.195.000đ,https://lh3.googleusercontent.com/CwGsTp3SVQP5-1DE8ouU_J4gC-3G2FlrvTjHUGXFZsbQG782Zt98GvwYPOf7gXW6-YldjHDF9KSpgS4NQbE=w500-rw
Card màn hình NVIDIA Quadro P2200 5GB GDDR5X,None,11.299.000đ,https://lh3.googleusercontent.com/qmmd22m1UWsiOB78DzltoX4GakXKwy-Es0sjz6qE5CZj67Ocflu87xXo6Ht3-Sic557AjEVOEtRojALsl9o=w500-rw
Card màn hình ASUS TUF Gaming X3 Radeon RX 5700 OC 8GB GDDR6,None,LIÊN HỆ,https://lh3.googleusercontent.com/ALJ9Qii8ZIxg2BkxYIOaCbbgtKeA2MPwMDjYN17YJPMwn4iefjWvW4mkHKx8R84g7D18PRMORj3dB4gi66I=w500-rw
Ổ cứng HDD Seagate Backup Plus Portable 5TB 2.5" 3.0 (STHP5000400) (Đen),None,5.390.000đ,https://lh3.googleusercontent.com/QODMkfftIyhgVHw4MQmrh1APOQAihe1elmQNay0ygOHw4SwDNDxIkeK8ZAxOBkg3CdGipl8lB0bScVlJNQ=w500-rw
Ổ cứng HDD Seagate Backup Plus Portable 5TB 2.5" 3.0 (STHP5000402) (Xanh),None,5.390.000đ,https://lh3.googleusercontent.com/RvkUtlZb_LanO0qSkRs1L0-rtUunUnVgvjk0hPMef2P-jBrGmXZswTqj4orO2fA9lzahtBLmJmakcZYr4p9M=w500-rw
Card màn hình ASUS ROG Strix RTX 2060 Super OC EVO 8GB GAMING,None,LIÊN HỆ,https://lh3.googleusercontent.com/tTPv_l7cVlZzILCIqzk8iSqXaSAt2iw-NVzRDqznycUCBu-GINyv5LLQDZiUPpz25M7kjyW03st701tbzWw=w500-rw
Thùng máy/ Case MSI MAG VAMPIRIC 010M,None,LIÊN HỆ,https://lh3.googleusercontent.com/mN1NFQLcXb3r25hhdzODsw43Rn4-QWg9qM35kcEYmYjE-1feyqrfZ9KXRZZ-vljTMwaBr1H8ImY3qk7MtNY=w500-rw
Thùng máy/ Case Aerocool Night Hawk,None,990.000đ,https://lh3.googleusercontent.com/OkJuUEq-elMJDGMUwtBjXqlGhPUKGDKZ8C8SUA8aYNE95Pt38g-0rpm99f-dxD6uHGFw1UvWDU_8efWadg=w500-rw
Thùng máy/ Case Aerocool Bolt BG,None,690.000đ,https://lh3.googleusercontent.com/UVtuxR1U-RFDuapDrLTDr5mASE6TeL63aJGHG3oU6PEMWDx2ySrcBDtdy9yp4y9ONMU5geLSltaXeAcmG-s=w500-rw
Thùng máy/ Case Aerocool Streak- Led RGB,None,549.000đ,https://lh3.googleusercontent.com/jNDmhm8nvsYrkoMTtmWAmI5fN_Uq0bbA95-Y7iUhL9fY9lQiDNppZVc1JBxoZkc8t9-yugxuk_NwI9-s5oc=w500-rw
CPU AMD Ryzen 5 3500X (6C/6T - 3.6 GHz up to 4.1 GHz - 32MB) - AM4,None,3.790.000đ,https://lh3.googleusercontent.com/-UBpJAIylk0T_R5MBxuAoZXp73K_-1mHcFojePjcd6H4hj_4KZbQepGGQgpGS1rATCTWS0htx1-_u7Hu7EM=w500-rw
Nguồn máy tính GOLDEN FIELD 600W - 80 Plus White,None,1.090.000đ,https://lh3.googleusercontent.com/8-OS5XxRE1UG-l2ydbN38o6geHPYm8pZDvj_sqC-0CU_1qH-mNvH4Tu2_BRr_vKe582tH1C59icDOoZo8cM=w500-rw
Nguồn máy tính Golden Field Dragon GTX680 600W,None,960.000đ,https://lh3.googleusercontent.com/Em9oPL4o7ndik7kcqiruae2yv0e0gUGQ8SFKWmd39khH0q8fb0GZCq0bPVl143nBH5p4294qQMNDtTOvew=w500-rw
Nguồn máy tính Golden Field THOR600 500W,None,790.000đ,https://lh3.googleusercontent.com/BXGr9sxDZ5Bq-4LecVvQ2SjiGk8_gI2PaT7S4cptLgC4c8DJnCE5MTF3QacmmHeC6pT81VTvjcYvszlxbro=w500-rw
Cáp Nối Nguồn Cooler Master Sleeved Extension CMA-SEST16XXBK1-GL (Đen),None,670.000đ,https://lh3.googleusercontent.com/yKRWGSe6uMNCu3bG8_EzmquUgQ5AOmiasPEDSZhrfWa5LmfHjo6ztte08POIF5v1hhnKE-evWVJqHfIFWw=w500-rw
Cáp Nối Nguồn Cooler Master Sleeved Extension CMA-SEST16RDBK1-GL (Đỏ Đen),None,670.000đ,https://lh3.googleusercontent.com/Fy9q5-gx4pHS0oqiQg1CBD44WC9jqTZ15I5U5ebGlZHhwPmMIGhlrh-UZwpngtACI59EcMT8NyyBQLNpoFU=w500-rw
Ổ cứng SSD WD Blue SN550 250GB M.2 2280 NVMe Gen3 x4 (WDS250G2B0C),1.350.000đ,1.200.000đ,https://lh3.googleusercontent.com/aCih7pcZJIoLq0xRasevzKmkWsLNtYmk62Y8kUEZj3VjwC763PMd1fEdlJGVCpSHKlCOfX1I38lZmO2yow=w500-rw
Ổ cứng SSD WD Blue SN550 500GB M.2 2280 NVMe Gen3 x4 (WDS500G2B0C),2.190.000đ,1.790.000đ,https://lh3.googleusercontent.com/w6trFwUrOOu2-vSwZ5NbBZtH3v5JHzhjrDYq9xeHqstVSIosD1_iMNuFxEdkxo-cqISesyvm10DSZtCdwl4=w500-rw
Nguồn máy tính CORSAIR CV550 - 550W - 80 Plus Bronze,1.200.000đ,1.110.000đ,https://lh3.googleusercontent.com/AOp_kJns99HaTZQ53bAubYSVUwo5a28N9YuEpxVgtPdcYqGVM8ww1CCKUHXRo2Zo1m9_t6BBuzqXbnrmI82E=w500-rw
Nguồn máy tính CORSAIR CV650 - 650W - 80 Plus Bronze,1.400.000đ,1.320.000đ,https://lh3.googleusercontent.com/7HqBEI2_skPPq-Rvy1hXRXZtsk1QfxJ_o7jlSKqw2ycSJo_nn2CRKzIcOkW1KjKo-vdnz83WwUfUZXyGuw=w500-rw
Thùng máy/ Case Deepcool Macube 310P BK,1.550.000đ,1.350.000đ,https://lh3.googleusercontent.com/64ils5W63VkqYb0TAG1glENZb4pl9USSqjQDVYoM_2FC_K6TSWAF4e0Kao8QW2moDN9QLsS3qT_w3lYmMlg=w500-rw
USB 256GB SANDISK Ultra Flair,940.000đ,729.000đ,https://lh3.googleusercontent.com/juwzDIaE0B03YIiz9hBVySsipvvab_2v5g-xO-JX6ijCotv0Tsi2oZNZWFXVW3AuVhjueyC99DgYsrRj9-w=w500-rw
CPU INTEL Pentium G5420 (2C/4T - 3.80 GHz - 4MB) - 1151-v2,None,LIÊN HỆ,https://lh3.googleusercontent.com/in16EvHftb6G4GtW55IodSIzgbUjd7ZPeTUalbx1CNq81eFBqwaj3bK5e1YyiioD3rnsBqCndEhl8l8XA8Q=w500-rw
Mainboard ASUS EX-B365M-V,1.750.000đ,1.590.000đ,https://lh3.googleusercontent.com/qhmGRqnKQeJgbe8RPbv7dVKnN-5WozlS9aQymHi0hI534xR5MawniwUJwu8JPV1lI96hGIafIy-hSJPjurXv=w500-rw
ổ cứng SSD Kingston A400 480GB M.2 2280 (SA400M8/480G),None,1.390.000đ,https://lh3.googleusercontent.com/IsiPxdlFB0u2ovmx2UGUkdBuBGclponj4a4G52U0uyvNSpBGbyZHOyTBY6bTuPNpjAssCJOeP9eZlRtqILI=w500-rw
RAM desktop KINGSTON HyperX Fury RGB 16GB (2 x 8GB) DDR4 3200MHz (HX432C16FB3AK2/16),2.490.000đ,1.990.000đ,https://lh3.googleusercontent.com/3aULB-0jiFUg7oF4bz7MlcTsqWryj3jvlczRr864ClS505mHzMTf2ty5cDh8UZhRzck0Waf6fylhvklGKkhV=w500-rw
RAM desktop KINGSTON HyperX Fury RGB 32GB (2 x 16GB) DDR4 3200MHz (HX432C16FB3AK2/32),3.990.000đ,3.590.000đ,https://lh3.googleusercontent.com/gzGPH1ok9BSM0N04PHOV756Oise4ZkaELIbgAhUVxzDj7eJL5cYAGaErfnvBS_RNOR3SqbxZoMzC-LcHe5k=w500-rw
RAM desktop KINGSTON HyperX Predator RGB Kit 32GB (2 x 16GB) DDR4 3200MHz (HX432C16PB3AK2/32),None,5.290.000đ,https://lh3.googleusercontent.com/Te60twlxJe4_cprmb1wnlD9_dRtuLAZ_AT3GhSLFgbu97aKXMRwP0_mwHMyvjGS6K6UjwLUfEEALzlki7pkl=w500-rw
RAM desktop KINGSTON HyperX Fury 16GB (2 x 8GB) DDR4 2666MHz (HX426C16FB3K2/16),None,2.190.000đ,https://lh3.googleusercontent.com/oAEJ0cDeDE9V1HA2Be19gldXgKzQiftTUt1Yt00OhW6t5K-370hBAAt7OJVUtdlWe5SwTRY77fXZqVp6N7Go=w500-rw
Ổ cứng gắn ngoài SSD WD My Passport Go 500GB (WDBMCG5000AYT-WESN) (Vàng),None,2.790.000đ,https://lh3.googleusercontent.com/Pcdzp4ezlDvlJBmOnypqoad8jfeAi2Eexm1xQoBXELe4wR-XgusMX4T1_aBfa2SLmkG10GmHgK5npmY1w-tx=w500-rw
Keo Tản Nhiệt Coolermaster Mastergel Regular,None,130.000đ,https://lh3.googleusercontent.com/LCN2amcaj9Lj3vV2yCY95GrJbX09bLf56K9IHthn57hyU-ebrBbQWEy8dC6x4T2HR2po_kxwTMTmh0awlA=w500-rw
Quạt CPU Deepcool Gammaxx GTE V2 (RGB),None,750.000đ,https://lh3.googleusercontent.com/50hEFVGcFXv25enx2TxlPuRd9ZVG2JoEVT57yHxVZqgTzkXTgp07e_YbEX8pVMGj--krKyFG2OoTR3f-KjY=w500-rw
Nguồn máy tính Cooler Master Elite V3 230V PC400 Box - 400W -,None,695.000đ,https://lh3.googleusercontent.com/kNUdaIDdwGlTyy55b3EnXPkD7k0vtSNKQK44a-er7hCNnX_YX1-sVfn-zkA6a6PubiVKQSsqdf5eOPs3G9g=w500-rw
Nguồn máy tính Cooler Master Elite V3 230V PC500 Box - 500W -,None,830.000đ,https://lh3.googleusercontent.com/qXA20cOS_RgNgaeUzm8qkf6G8_VVgZnyfFb9RyJ2e03bh6FPlxNzHU8iB7UKnHIC-mI6DccL_2NTQoyfvagG=w500-rw
Nguồn máy tính Cooler Master Elite V3 230V PC600 Box - 600W -,None,940.000đ,https://lh3.googleusercontent.com/M_2SJhGYPtR1T9wD2a0KtsrLy6MeOwski3NXPyF2DhsygpHGgBGBuJs7BA2DKp1X-PqTD4cTpDj3qzA2Raz2=w500-rw
Nguồn máy tính Cooler Master Elite V3 230V PC700 Box - 700W -,None,1.080.000đ,https://lh3.googleusercontent.com/5SgBEY1ZY3hjvrTKKMVfAWf1cVhlIGM2ms_73lGL2zaWU2tGejibCJBBrFa_VLHY0WIXnCH6CjMJJYIWO8o=w500-rw
Thùng máy/ Case CM MasterCase H500P TG Mesh ARGB,None,4.140.000đ,https://lh3.googleusercontent.com/1vgl7BGj14bIOb4I2MKPEeLFUkztnb-EmApuz1XDvUKUyZTyEZM4gxXfmuw80c5c9k7VOIsjoIHMqcunDA=w500-rw
Thùng máy/ Case CM MasterCase H500P TG Mesh White ARGB,None,4.140.000đ,https://lh3.googleusercontent.com/ds4xXsVeOTOyfwmxEsuQ-JO3eRccbnI6ghb2OoIJfkanVbMLm5A6ue_CIHUjyY07Z-QCy3EjxBc1QZmqHwxE=w500-rw
Thùng máy/ Case CM MasterBox MB500 ARGB,None,2.050.000đ,https://lh3.googleusercontent.com/jZiINBqf5bbrX31aGJvnPjpoRv87nrW3voKPl1pMpoJN-LAg0BE5aUsO6cuMEhTUPQqbColljpUlu80UBQ=w500-rw
Thùng máy/ Case CM MasterBox K500 TG ARGB,None,2.010.000đ,https://lh3.googleusercontent.com/jVzDYx3TiVaqWqkvoquw5goiG0P90TyISevcVYcajzZMbt3kpT5v9SuQgrk7fuuu55WHzVvc9E4MmGYWAPY=w500-rw
Thùng máy/ Case CM MasterBox MB511 TG ARGB,None,2.100.000đ,https://lh3.googleusercontent.com/yYHJ_D2FXO66sOjTjVrFmEXfnE9E6Vq1E6qNZIgonBNN9qMdxdjdOddb8HnMQ-7dECjiQgKFPh4hekRrF2M=w500-rw
Thùng máy/ Case CM MasterBox MB520 TG ARGB,None,2.150.000đ,https://lh3.googleusercontent.com/BXU_A8XGfiEmR3kBEBg4juMilmMobw28cSY76jSO8-eL7nfHOK2w9HPTlrJ9BNh4BMkyUTAS-0vMff4H1Dw=w500-rw
Thùng máy/ Case Sama W01,None,830.000đ,https://lh3.googleusercontent.com/D3Uu-Kbq4pc1pBM2Z-cqCuSMbhvx4y3qMoXLlr7D32qQeNVEINgBSd6OYkfBABNi68H_Z1yPNBx_YmeGQQ=w500-rw
CPU AMD Ryzen 5 3500 (6C/6T - 3.6 GHz up to 4.1 GHz - 16MB) - AM4,None,3.090.000đ,https://lh3.googleusercontent.com/LZ25GgiDK-2iUPR61RYozt2blBHxwmJt8OevqyVGnnAxr_PcU_WuUdGxJE9aP_CZOSKwSD7v0-mKCZX0Ze4B=w500-rw
Nguồn máy tính FSP HV PRO 550W - 550W - 80 Plus White,None,890.000đ,https://lh3.googleusercontent.com/kBvakgmxETnFr1AP2rIxMJhwp3_FLmlWTXhrdAICqa4w-NKem43qdL-sGdzkz3qeLwZrvfUJKoQ--iWDbVuh=w500-rw
Quạt CPU Noctua NH-D15 CH.BK,None,2.960.000đ,https://lh3.googleusercontent.com/jJy1PNv7z8gIt-QA4o7i1Qa6A99ylH2Dah2Zu3xre4OEf2Ixf1aFiQjtqURmTXpVqsrQkdTU8Cek1tIJTSA=w500-rw
ổ cứng HDD NAS WD Red 4TB Sata3 5400rpm (WD40EFAX),None,3.390.000đ,https://lh3.googleusercontent.com/5itHSgV1dxliQcYoSatSpwcCv7XRnY8-9QLZCU5meyr7JGGMVCzTzkp95DV0dNaCmvL6IE6P9khLOHsL6hos=w500-rw
Mainboard ASUS Prime TRX40 Pro,13.260.000đ,12.290.000đ,https://lh3.googleusercontent.com/a5mBHCKra644kt6egefu8jZiXrYRHHcPLywGNx3kgsTEc81jTJ-IRgcIOUuatNRTHNa3Bj5xf8mf60EWV4s=w500-rw
Thùng máy/ Case Asus TUF Gaming GT301,None,2.290.000đ,https://lh3.googleusercontent.com/ZBa9k3DVguPbfXLMtIYENWf7Fwq3pjUOAcMaXsPJjtXvrn8nHBMKVIB309lfkuWfBbg-dmtitDPielZBjHw=w500-rw
Ổ cứng SSD Western Digital Green 240GB 2.5" SATA 3 - WDS240G2G0A,None,930.000đ,https://lh3.googleusercontent.com/VDmltAlJo0pxGNGc5nRfH8-m_aU7Kd3XjtaMbQxJDvY9vsTHI487Zx4AUUwpMpc82ndnOZ8AGLgBa6iQMwM=w500-rw
RAM desktop KINGSTON Fury Black (1 x 8GB) DDR4 2666MHz (HX426C16FB3/8),1.090.000đ,810.000đ,https://lh3.googleusercontent.com/jnrkDz0U2NXBAhSC--Ty3sN63B2YCVaxCK-WPgYUf_emw6PyeQZLRFgZ55fRSygzzSk0E6XK8DASb52ageM=w500-rw
Ổ cứng SSD Western Digital WD Green 240GB M.2 2280 SATA 3 - WDS240G2G0B,None,930.000đ,https://lh3.googleusercontent.com/Xs49wP3D1CpWwb8P3xLQjfbYO8HdF5jVEww_OvIqOiDKXh0Ap2g4PTPEl7LK3yNcAII0yomCbJkonjFZ-g=w500-rw
Ổ cứng SSD Kingston A400 120GB Sata 3 (SA400S37/120G),790.000đ,590.000đ,https://lh3.googleusercontent.com/4QUW3hN65nFtPTXVPmyvVK-ypnjFIvDrwB5m1qtWk9UoY1XF-XDu6RSh3KtLQZ83R3_dUYD6W_RKfrPe4A=w500-rw
Ổ cứng SSD Kingston A400 240GB Sata 3 (SA400S37/240G),1.130.000đ,830.000đ,https://lh3.googleusercontent.com/UE9L3DwlVtE3pZnCwR29zgrf_SjHNOdopT3sunQbPWvIdYB3NYNanTkL-g9YNubL65chw7m1j4z7mEs53g=w500-rw
Ổ cứng HDD Western Digital Blue 1TB 3.5" SATA 3 - WD10EZEX,1.090.000đ,990.000đ,https://lh3.googleusercontent.com/pnpUXzVKH-aJPduLjo1xOjYJfYO6OCfn432_ed2otnlslkvH756FFLImRWRv7cQaqsDKrQjuiKnOK_f9WYY=w500-rw
Ổ cứng SSD Western Digital Green 120GB M.2 2280 SATA 3 - WDS120G2G0B,None,690.000đ,https://lh3.googleusercontent.com/KFUb-Zaa78u4NtZksw_FPyusNACmXGTnNlZ4wyjfiTGwBS1HGPDq8rKHIG4eBvtQVvXIC1qeQdPlESXe0Q=w500-rw
Ổ cứng HDD Seagate Barracuda 1TB 3.5" SATA 3 - ST1000DM010,None,1.050.000đ,https://lh3.googleusercontent.com/yM1w_gitNAQySU4yoeo8WWsUvWQyH0je5-g0kzSzz6IR0iKYihExNww4lGJQBEd6KTB8JLTQQumHJMLg3NQ=w500-rw
Nguồn máy tính Golden Field Dragon GTX480 - 400W,None,510.000đ,https://lh3.googleusercontent.com/Ca5jSvC0uBwk9UvqslkDVapaB_cvknRdeCN-TrtFvECbay9CbmEzXKbUTKbdIDMq9Z98S3jie7iRnX_un7U=w500-rw
Ổ cứng SSD Western Digital Blue 500GB 2.5" SATA 3 - WDS500G2B0A,None,1.890.000đ,https://lh3.googleusercontent.com/-dkzlz4K6kxuSYsDPXEtxX10u-Od90JWWZsiRXk-70iZnLJJA1d9uGTKiIwB9cEgy7EqAKpxbDh6oPQH16p4=w500-rw
RAM desktop G.SKILL Aegis F4-2666C19S-8GIS (1x8GB) DDR4 2666MHz,890.000đ,710.000đ,https://lh3.googleusercontent.com/MM-usv0ZuFmLpZtUEhuoKFkrzcrsrFJTxX7BxKbgiCrva2AvDHpc6PNVezfoO_Dr8ZZX55gJdAzWufPc40WU=w500-rw
CPU Intel Core i5-9400F (6C/6T - 2.9 GHz up to 4.1 GHz - 9MB) - LGA 1151-v2,None,3.990.000đ,https://lh3.googleusercontent.com/WkEFbZM02MrWi2xg_oYUV9wcU24tQoRwRaT4nZmB6Jen1HLD23PZhqkAed_eturDck_kstljO3B7l9H3fjaY=w500-rw
Ổ cứng SSD Gigabyte 128GB M.2 2280 NVMe Gen3 x4 (GP-GSM2NE3128GNTD),850.000đ,730.000đ,https://lh3.googleusercontent.com/RwnYV9mjrgsBu5vy3wG-nLqZP856BkkTSB2eiIkIfE-cducE7K791AP_zT8Yb7nXmezIs-evz6zhSqVz2qeb=w500-rw
RAM desktop CORSAIR Vengeance LPX CMK8GX4M1A2666C16 (1x8GB) DDR4 2666MHz,1.190.000đ,870.000đ,https://lh3.googleusercontent.com/Tm41lMYWh90kL9_W1H5t4rznifcZBTkL7CM6FVjdpZVmNSQsVn0_j_BbrYGvOB0dGHeQhLcjJnDEHAEezaM=w500-rw
Ổ cứng SSD Gigabyte 256GB M.2 2280 NVMe Gen3 x4 (GP-GSM2NE3256GNTD),1.390.000đ,1.110.000đ,https://lh3.googleusercontent.com/SImne9VdoOR47dOxZxT0tQHmtuK7av9a7YCcAhlbPZpIzOMQ8g0pykUutEfkhPBQ3Y9jTM9gRwC2DPlkqg=w500-rw
Mainboard MSI H310M PRO-VDH PLUS,1.690.000đ,1.450.000đ,https://lh3.googleusercontent.com/MaPTpkjZq9gfBtzE3Q6g7BT--ojsCQct1YPHvM__pPmDz4YzHmWLceKVn90iZXN3r0_YgkMw0FYjDbeOzZYu=w500-rw
Card màn hình MSI GeForce GTX 1050Ti 4GB GDDR5 Gaming X (GTX-1050-Ti-GAMING-X-4G),3.990.000đ,3.190.000đ,https://lh3.googleusercontent.com/lcSYKgKpMf8Wv2vvpcUNf4M5A9RhVJZDzdrOP97ZEuEQpieuJLUvixA_nnDQV76dKUYTrKNi1yRBsxcmIg=w500-rw
Ổ cứng SSD Western Digital SSD WD Green 120GB 2.5" SATA 3 - WDS120G2G0A,None,690.000đ,https://lh3.googleusercontent.com/4V5f6sKHlXd2lhh4Ch7qcU7ExgBSs3Lpat8-1fwkYK-3wRI_cnk8-ea5dcK0REVVdkXQg1J17nEuPkL97Q0B=w500-rw
RAM desktop KINGMAX Zeus Dragon (1x8GB) DDR4 2666MHz,990.000đ,810.000đ,https://lh3.googleusercontent.com/lYXGMiQv6f4yy9CbbisZpBQuGXE2lwy1N92NdgIBrkLkPsL5KukBbfsdQXdzpk6kNZHGxY9cqrQ4C4W2ag=w500-rw
Mainboard GIGABYTE B365M GAMING HD,1.750.000đ,1.670.000đ,https://lh3.googleusercontent.com/RDzdF-se6u0dKQKqCalwWin6o-xrCefhlzwd6jbnhwYVoq89-NMVHf7kOWmKrMGNmT5YTQ7paUOR87L0Pg=w500-rw
CPU INTEL Core i5-10400 (6C/12T - 2.90 GHz Up to 4.30 GHz - 12MB) - 1200,4.990.000đ,4.790.000đ,https://lh3.googleusercontent.com/UwKfc2vSQGNYIHP23DfTWcToEmsIaxjQsdx0DtIEbqCeZ5dnGBPS7d7WCVW9TOiIkfAh2ddgwDvnOR5U_jg=w500-rw
Mainboard GIGABYTE H310M DS2,None,1.550.000đ,https://lh3.googleusercontent.com/XEDAMs-QkP2XkWUVwDcUMNDhfa9V7hUN-GeM-kRTJoavz4HSGhH_MmEk-MfTFBcC9SizjTWvaliOjXK3XA=w500-rw
Ổ cứng SSD Samsung 860 Evo 250GB 2.5" SATA 3 - MZ-76E250BW,1.490.000đ,1.390.000đ,https://lh3.googleusercontent.com/iaNT5Dmb7FSq2tG5YWqTMtElscl2tBJwaOg37C4n9ZnmCXvoikhUHsHZC3rYv6wATpXyDMLg_DQGdK8olKE=w500-rw
Ổ cứng SSD Kingston A2000 250GB M.2 2280 NVMe PCIe (SA2000M8/250G),1.490.000đ,1.090.000đ,https://lh3.googleusercontent.com/1co8gYbGPNTiLWSPZILHuSA-TiowrOyExt0aUOmKa3dp5aCqYhlJ7ZvQuUv1m-w0BR6OWkUyXefQoXxk6A=w500-rw
Ổ cứng SSD Intel Optane 32GB M.2 NVMe - MEMPEK1W032GAXT,1.199.000đ,1.030.000đ,https://lh3.googleusercontent.com/mJof7-AQGKDkeb7rH8IyAbtgfV0_RbnQ5_txAFgCdUMaULy_NGN0fq0fMF85rnWGqCTlKbTWA7aF9asdgGI=w500-rw
Ổ cứng SSD Western Digital Blue 250GB 2.5" SATA 3 - WDS250G2B0A,None,1.290.000đ,https://lh3.googleusercontent.com/T0LK6nFUk3s7W2lioJcV52pWJzptIG52RQcDV3GZLJap9N0RhlyqPSed5M4p8X7tqKqBGuefItdZd9pYNLE=w500-rw
Ổ cứng di động HDD Western Digital Elements Portable 1TB 2.5" USB 3.0 - WDBUZG0010BBK-WESN (Đen),None,1.590.000đ,https://lh3.googleusercontent.com/4EpjE8i3shYTa6IdSRD4UjUCAW1ZYgA8gM07MAAZDoncWKSX965RLlWybXi2njKDhfGKs8RyuuTm0xkWVw=w500-rw
Box ổ cứng 2.5'' Orico 2139U3 SSD/HDD Sata 3 USB 3.0,179.000đ,129.000đ,https://lh3.googleusercontent.com/YiLWPbppVy7uHpwBUxBUyPDuRw-AIYDT6qQNLQjuZjKBYoFxXQHHNCDonMdw3CKAPGC7VinQfoHgsuvV7QY=w500-rw
RAM GIGABYTE 8GB DDR4-2666 (GP-GR26C16S8K1HU408 G_DDR2666),1.090.000đ,850.000đ,https://lh3.googleusercontent.com/g2iOXX1nB2Ukhyz6SYFfTJtGLSInkuViUvnZ0XJMUzohImPfB0QKrt0p0x1PEmWINKrX_EpPARswcatpddY=w500-rw
Mainboard GIGABYTE B365M-DS3H,1.950.000đ,1.890.000đ,https://lh3.googleusercontent.com/6HKCY6V9p2PebZb8pOXK3qikJnhLx6nIWICX5THtO0OidsdVSZoYknsrz9jPlIHpmZOtW0HzHu6xOYqraA=w500-rw
RAM desktop KINGMAX (1x4GB) DDR3 1600MHz,590.000đ,500.000đ,https://lh3.googleusercontent.com/33Q9QTeCFz4j1UI_ABD-bDFVshrIPcraVPMyRIrQUfn3shVAPjimbi-ghRD2Qe04To63i_ezmmt-OK46U_c=w500-rw
Mainboard GIGABYTE GA-A320M-S2H,1.350.000đ,1.290.000đ,https://lh3.googleusercontent.com/joLDVCJkgugNNJXFQALBxvEeSzgRVhgl9FJq8kRHAI2rxhd6B6_0nSIq67XFmnNiCj38JHwGJN3iBYvx=w500-rw
Case máy tính Sama M2,None,330.000đ,https://lh3.googleusercontent.com/ngt1ZXyHOtqXYenT3q-QXDQVQ7SnXT2h8_AIZoWyEnsxIuU8WtognEJ8VPGK7BNadrqHyi7agq0HcgioyqU=w500-rw
Ổ cứng HDD Seagate 1TB 2.5" SATA 3 - ST1000LM048,None,1.230.000đ,https://lh3.googleusercontent.com/8xO9imkUpUpC0vqob0G9M-jMSoglEw9sX1SiOxbDmN5Ehc3WC-QXEi2GokY-oZPPRsFYzzw2O_aSoB-hU8k=w500-rw
Ổ cứng SSD Intel Optane 16GB M.2 2280 NVMe - MEMPEK1W016GAXT,900.000đ,840.000đ,https://lh3.googleusercontent.com/9HNbZDL6w2v2GsAgaX5Hw-T_07IlzBlmxgBd1IX7VP3CD1VhCOD2GbcqTJBq9SLgb17WPGZPkK6T9ffRfg=w500-rw
Ổ cứng HDD WD My Passport 1TB 2.5" - 3.2 (WDBYVG0010BBK-WESN) (Đen),None,1.690.000đ,https://lh3.googleusercontent.com/ttSWKqs7VAhJcT_9poiqP8VR5gHDEx-d2u0yJPcbGug-dbITMboz1SXEFz_fnH1a_-qxkAtT9SaSSOVR-lI=w500-rw
Mainboard GIGABYTE B365M AORUS ELITE,2.250.000đ,2.130.000đ,https://lh3.googleusercontent.com/yJr330J27ugJ3GUbJan37N_3-lGMVDNIHC66QVHP-LWw-0H2Wwg62FsT87FP1XtmxXEMR5w38Dc_Yj2JfHA=w500-rw
Nguồn máy tính Cooler Master Elite - 350W,None,505.000đ,https://lh3.googleusercontent.com/2QpRcz0uwizRJh9vBrgfo0iYLZuRB3FmF_AvCZoTlgXoQiOvEuFmbh0cjBRBq78l0zhmBoDtF-JkHEXl-A=w500-rw
RAM desktop ADATA AD4U240038G17-R (1x8GB) DDR4 2400MHz,1.490.000đ,790.000đ,https://lh3.googleusercontent.com/ZZvJ0pba42l2WRBiAavYWdbRRNY9qV9OIcIRM8P2tSq9Qb3AfT_OMat03VNB6t9vfv2kTmQHL0VG9LFv5g=w500-rw
Mainboard GIGABYTE B365M-DS3H,1.950.000đ,1.890.000đ,https://lh3.googleusercontent.com/6HKCY6V9p2PebZb8pOXK3qikJnhLx6nIWICX5THtO0OidsdVSZoYknsrz9jPlIHpmZOtW0HzHu6xOYqraA=w500-rw
RAM desktop KINGMAX (1x4GB) DDR3 1600MHz,590.000đ,500.000đ,https://lh3.googleusercontent.com/33Q9QTeCFz4j1UI_ABD-bDFVshrIPcraVPMyRIrQUfn3shVAPjimbi-ghRD2Qe04To63i_ezmmt-OK46U_c=w500-rw
Mainboard GIGABYTE GA-A320M-S2H,1.350.000đ,1.290.000đ,https://lh3.googleusercontent.com/joLDVCJkgugNNJXFQALBxvEeSzgRVhgl9FJq8kRHAI2rxhd6B6_0nSIq67XFmnNiCj38JHwGJN3iBYvx=w500-rw
Case máy tính Sama M2,None,330.000đ,https://lh3.googleusercontent.com/ngt1ZXyHOtqXYenT3q-QXDQVQ7SnXT2h8_AIZoWyEnsxIuU8WtognEJ8VPGK7BNadrqHyi7agq0HcgioyqU=w500-rw
Ổ cứng HDD Seagate 1TB 2.5" SATA 3 - ST1000LM048,None,1.230.000đ,https://lh3.googleusercontent.com/8xO9imkUpUpC0vqob0G9M-jMSoglEw9sX1SiOxbDmN5Ehc3WC-QXEi2GokY-oZPPRsFYzzw2O_aSoB-hU8k=w500-rw
Ổ cứng SSD Intel Optane 16GB M.2 2280 NVMe - MEMPEK1W016GAXT,900.000đ,840.000đ,https://lh3.googleusercontent.com/9HNbZDL6w2v2GsAgaX5Hw-T_07IlzBlmxgBd1IX7VP3CD1VhCOD2GbcqTJBq9SLgb17WPGZPkK6T9ffRfg=w500-rw
Ổ cứng HDD WD My Passport 1TB 2.5" - 3.2 (WDBYVG0010BBK-WESN) (Đen),None,1.690.000đ,https://lh3.googleusercontent.com/ttSWKqs7VAhJcT_9poiqP8VR5gHDEx-d2u0yJPcbGug-dbITMboz1SXEFz_fnH1a_-qxkAtT9SaSSOVR-lI=w500-rw
Mainboard GIGABYTE B365M AORUS ELITE,2.250.000đ,2.130.000đ,https://lh3.googleusercontent.com/yJr330J27ugJ3GUbJan37N_3-lGMVDNIHC66QVHP-LWw-0H2Wwg62FsT87FP1XtmxXEMR5w38Dc_Yj2JfHA=w500-rw
Nguồn máy tính Cooler Master Elite - 350W,None,505.000đ,https://lh3.googleusercontent.com/2QpRcz0uwizRJh9vBrgfo0iYLZuRB3FmF_AvCZoTlgXoQiOvEuFmbh0cjBRBq78l0zhmBoDtF-JkHEXl-A=w500-rw
RAM desktop ADATA AD4U240038G17-R (1x8GB) DDR4 2400MHz,1.490.000đ,790.000đ,https://lh3.googleusercontent.com/ZZvJ0pba42l2WRBiAavYWdbRRNY9qV9OIcIRM8P2tSq9Qb3AfT_OMat03VNB6t9vfv2kTmQHL0VG9LFv5g=w500-rw
Thùng máy/ Case Sama S5 (No Power),None,400.000đ,https://lh3.googleusercontent.com/M0v8qMKKBCraSr4dbkuK_V8bB4OsUBsqTJ12zcZkZ10Mf2Ji_CmGX0cCEkD_fVj_t2HkCR4HkEQGExz3s7Y=w500-rw
RAM desktop KINGMAX (1x8GB) DDR3 1600MHz,990.000đ,930.000đ,https://lh3.googleusercontent.com/snYJ__IrURbz4nP5d_K5L5nAlZ58uMaMIXUiSaV2DjgDC9HElm621J4f8PQXJB8MVLUtZcRvKSuRCMUw2w=w500-rw
RAM desktop G.SKILL Aegis F4-2400C17S-4GIS (1x4GB) DDR4 2400MHz,None,670.000đ,https://lh3.googleusercontent.com/NwiLjflM0s3oi5WPzKUlYdR8Lgy6V6toP4C5Q3894QNJcPZ9wBEU0zGmZAFuqUcOUsP0f-4L1MWZueeAtxE=w500-rw
Ổ cứng di động HDD Western Digital My Passport Ultra 1TB 2.5" USB C - WDBC3C0010BSL-WESN (Bạc),None,1.890.000đ,https://lh3.googleusercontent.com/r7jjx5iR6MNUJWtU8iT4nRpo76WNc9nIsBBy1LAoSwoF3CfkoD7RDlho6LO8RZhZJk96p2LSmYyaSjjL-CIj=w500-rw
Mainboard MSI MAG B365M MORTAR,2.390.000đ,2.090.000đ,https://lh3.googleusercontent.com/yYUrSQzP_PKf_kMoqwmobTuHT5eMgJVxHZYW9HTpX6DgT3aaARjSzuxGdtKVTxPOitegvpgY28Y_8mC29JE=w500-rw
RAM desktop G.SKILL Trident Z RGB F4-3000C16S-8GTZR (1x8GB) DDR4 3000MHz,1.390.000đ,1.190.000đ,https://lh3.googleusercontent.com/PQfcltwE2YRE8YMzf2aOvwcUx75aTOnCx2W9-YFIDzzSg-1X5421-zwSrRCnJVZ6evzMWPnJUKhqnNZrgWc=w500-rw
Case máy tính Sama Combat,None,900.000đ,https://lh3.googleusercontent.com/tYFZtdNp7XebB7DN2cflNxUQ9k_hVfGZiv4ayBTnAtXz20QZFxZ_Ulmpc4dGPM_HbFUfYLaBfh0s1I8gFpM=w500-rw
Mainboard GIGABYTE B365M D2V,1.750.000đ,1.690.000đ,https://lh3.googleusercontent.com/6ijHdN5mdZCqsCN1SDYrkCw8robXxljvd2ejNoqSExSvTqox3tun28IQLqHFjepuYGJWk8rdEVzPMRs8vzAK=w500-rw
Nguồn máy tính Aerocool LUX RGB 550W - 550W - 80 Plus Bronze - Semi Modular,None,990.000đ,https://lh3.googleusercontent.com/14voQfNMs2Qe-NBKv4wxnd_jfBqMYbVuokEuezQSbiWsoXxNoJXsANLf3uI-mOdUU-_UzX3le8TeZMUdMBdW=w500-rw
Ổ cứng HDD Seagate 2TB 3.5" SATA 3 - ST2000DM008,None,1.650.000đ,https://lh3.googleusercontent.com/WdXJQCE7jPenUcPp2sBbICPD54hlbfxJvpKN7TFcJ-R-bkNCfMTxaRs9G1GhBHwrZKr4-4gdCMGC4jMe0B0=w500-rw
Ổ cứng SSD Western Digital WD Blue 250GB M.2 2280 SATA 3 - WDS250G2B0B,None,1.290.000đ,https://lh3.googleusercontent.com/yCZRjpZ_Fp048z8qlIa9ph9AY47KBDnY0NEMp2aFy8a9aW7c6iClYO3JFXa98wgKxAJfMean5FWTf_Eaels=w500-rw
RAM desktop KINGMAX Zeus Dragon (1x16GB) DDR4 2666MHz,1.990.000đ,1.530.000đ,https://lh3.googleusercontent.com/YyQYbj7NFv6Ciod8ovQwkdnJ8t4MJpBfrXMvrwO3OhsQEyaI3JyS7U9sXjmomF5NuLHs6Dptwel4bnBWO8Q=w500-rw
Case máy tính Aerocool Cylon Mini (Acrylic Window),None,469.000đ,https://lh3.googleusercontent.com/aU_Lo76dBI0XD62HViPVCKt0k2XQAwBfnkXmbfAKZzbCxcTA80jYIaRlXGCa4b_5WOk2cDxmOqdRvTJ7WnOP=w500-rw
RAM desktop G.SKILL Trident Z RGB F4-3000C16D-16GTZR (2x8GB) DDR4 3000MHz,2.690.000đ,2.390.000đ,https://lh3.googleusercontent.com/LcJTP1o3vxVePk3TbNMXZIsnSJVK4sosjEq12cfuRCq2gvdHR0ddtPqB5-kyXlY396ehXYuEkdz8NtpZSkbR=w500-rw
Nguồn máy tính AcBel CE2+ - 400W,None,650.000đ,https://lh3.googleusercontent.com/kOyyxPNFrDuPBuqUsDNjRPukh7txLGaNDt1SuEoIYL44pRmx6LvPbuyBF5qXmH9n676Ghh8qIP_5BHMg9Jk=w500-rw
Đế tản nhiệt Laptop DEEPCOOL Windpal Mini,None,228.000đ,https://lh3.googleusercontent.com/lB2mie6tBy-aa5QzSo8xJtWydl2lg70XNJRvJD5eclRGgW_WjGvB8iHc1lFJZoEsEXGUxjPGYJQ_rRJv7nU=w500-rw
Đế tản nhiệt Laptop Cooler Master X Slim,None,365.000đ,https://lh3.googleusercontent.com/CkmOnpEkInn_9vBjQtryJ3OpB1IJacjEzddpmKFMxSRTM3_Z_ufp064r2tbpiFxntKrmFYiSfc-uyzp6PCk=w500-rw
Case máy tính Sama Jax 10,None,690.000đ,https://lh3.googleusercontent.com/XfSQxe3_lx-3hMTyQqOz8i0mdkPvGyJCYGvcILjW8JKvl8e_mns1wMyXWAA0kysazs0EFYeXT4mgW6cP-nA=w500-rw
Ổ cứng SSD Samsung 860 Evo  500GB 2.5" SATA 3 - MZ-76E500BW,2.090.000đ,1.990.000đ,https://lh3.googleusercontent.com/pN8wsfT3Ofqfn-xLmZra0iHBu7sZWUR5GV5bQX0RYtAP7gFF9CstyZWCgLD0BBbFoFwOI9OJf5Of1OSdh6pH=w500-rw
ổ đĩa DVD WR Asus SDRW-08D2S- U Lite,770.000đ,670.000đ,https://lh3.googleusercontent.com/-MCDoZHQw0k6_VolNDHBTswns3lOjGSsFzUa4g1tjLZX604xDtNli-ajpG_0DpR933dQf5vND97mXdJnFw=w500-rw
Ổ cứng di động HDD Western Digital Elements Portable 500GB 2.5" USB 3.0 - WDBUZG5000ABK-WESN (Đen),None,1.250.000đ,https://lh3.googleusercontent.com/9_GKI6Tn5btn75VJpIVIvlXSc-QqmS4H2YWhlFhzJ4dY_30jpDAyJZ1yCNua-QjP24ULCGjzZSu9FeEB9Ak=w500-rw
ổ đĩa DVD WR Asus 24D5MT-Tray,None,387.000đ,https://lh3.googleusercontent.com/VEIXgsLPO5zQwE60KGxPvxGM22x0J2is7KCJxuMJwgzAJ0Ugo0KKSy-7cN1Hr7cvCIQDD1tf2MU62ahQbQg=w500-rw
Case máy tính Sama L01,None,300.000đ,https://lh3.googleusercontent.com/X3wHxIlnD1UM0VnXzCT4Fm_28QDDZ6hSuDs8MfuvwOj1RrZfltMLEGm5NpQAKRKRCSoumlPSfm72C-xqkg=w500-rw
Đế tản nhiệt Laptop Cooler Master L1,None,309.000đ,https://lh3.googleusercontent.com/UicT7X1kiGPqNFQZG-qLQG1q9MEtijjaR4Kik088s3jTCo9X2YjR0iqbY3kY67zUtUC8-XJC0nTntqSgIJE=w500-rw
Nguồn máy tính Cooler Master Elite - 460W,None,750.000đ,https://lh3.googleusercontent.com/bJZM7fxzQOsc9Fa0rBOHMSSz9u3Pn8Y4DHeq5V32rGyFWO49yg0UZoCmUSwTTSp6eXYNSvAAyDlPLH2lBI4=w500-rw
Thùng máy/ Case Sama S4 (No Power),None,400.000đ,https://lh3.googleusercontent.com/SkjAtRr8DDsKoMZkL9-fqF79Pm_DJpbHKoxxvqcvp79ulIADfRCvxdjt08SSE-RfOWx4VpMVO5w08zpgCZM=w500-rw
Ổ cứng di động HDD Western Digital Elements Portable 2TB 2.5" USB 3.0 - WDBU6Y0020BBK-WESN (Đen),None,2.490.000đ,https://lh3.googleusercontent.com/TS9Nt-HF2Bu8iZWXPONILmJdMO7pGYDQQ6rf9dJZKML0-SmGTdHZaq924-XHNpgu9q8SXvtrJolJsHd91UI=w500-rw
Mainboard GIGABYTE GA-H81M-DS2,None,1.490.000đ,https://lh3.googleusercontent.com/xC-xqUOJo35BzNE0k_2JCMrKHG9a73js4yBfbqZO9K9Xeaub-CZCVMI15T_y-mncY-PhwrGY9Fr17LJWql4=w500-rw
RAM desktop ADATA XPG GAMMIX D10 AX4U266638G16-SRG (1x8GB) DDR4 2666MHz,None,1.090.000đ,https://lh3.googleusercontent.com/5GWD3l5L9JKlFpEdD1cOKt-AtpeEloVsLGPWeJWhoz8s4nyuWcnFpXTZPobzh-y-F_2EUJB1urCsA6pIzQ=w500-rw
RAM desktop G.SKILL Aegis F3-1600C11S-8GIS (1x8GB) DDR3 1600MHz,None,1.030.000đ,https://lh3.googleusercontent.com/5CZ6mg05UXRJYiMF0QfaUcPLzwPgXkiTC2WX6UMCXeNh04-3ngZA3SVEHWZwe53M7c7cVqnwqhN8okdXlw=w500-rw
Thùng máy/ Case Xigmatek Gemini Artic (EN43842),None,749.000đ,https://lh3.googleusercontent.com/WWTvSkrJkifUn-B7J9fRn7zPkgSVqYia_qJwavARpA6Rr4RbUJjx4byz_36mlWfHwdIcCAj6Vc3YBXz90A=w500-rw
Card màn hình GIGABYTE GeForce GT 1030 2GB GDDR5 OC (GV-N1030OC-2GI),None,2.250.000đ,https://lh3.googleusercontent.com/FzU-3d7iIxutLRUnj7-luUZdgASHTqzw1tyt1CpppaNj2jOrfWqfCqwhIhqQ-scoDQ0F1g94qNxQYSU3cQH6=w500-rw
Thùng máy/ Case Golden Field N17 Plus (3 Fans Golden Field LED Rainbow),None,850.000đ,https://lh3.googleusercontent.com/B7V9p3E_iN9KYQQeXexTWUqpfjSGxk8dlY6ieE-UoZhz1pZAWuV8OdscnSHR7PpJCBgMSt-5m_hgye0Sgck=w500-rw
Card màn hình MSI GeForce GTX 1650 SUPER VENTUS XS OC 4GB GDDR6,5.350.000đ,4.690.000đ,https://lh3.googleusercontent.com/xtPO4QMVWwduMSmwRAPjE2RvcqgkciH9puKzi0CVs-ogoBYcFvlh0AxoCsEQXMf-EDq5orQ8P0Bflp-alA=w500-rw
Mainboard GIGABYTE GA-H110M-DS2,None,1.500.000đ,https://lh3.googleusercontent.com/wDiyLcwKd38QUS7ZNoxLx-hRYDj0_RNHpICngyc_mnoWAUhhD9UnVe4lDSQ7Mf8JbTA1B42oI6WTn3jWlQ=w500-rw
Ổ cứng SSD Western Digital Green 480GB 2.5" SATA 3 - WDS480G2G0A,None,1.590.000đ,https://lh3.googleusercontent.com/lknRd0M9cqpr_mcT9Xfnzbgty3xFFt5lJGPFldLAWqOCvO29iGka2dD3k-enT_Nnz10y0z2LP3wuczFSc9w=w500-rw
Card màn hình ASUS TUF Gaming GeForce GTX 1660 SUPER OC Edition 6GB GDDR6,None,6.970.000đ,https://lh3.googleusercontent.com/ef7FDJdmXZlWPfWBnWiuQW5dvMI8M1b4Ct8Z0rakh0dKk5w3BuXJd5xMToXZdsDaVHSWTFWIIA4anSOcvqE=w500-rw
Ổ cứng di động HDD Transcend 25H3B 1TB 2.5" USB 3.0,None,1.490.000đ,https://lh3.googleusercontent.com/8GYhZ0nV2PZ1EJBX1cD_zFNVbmAxFxH8d6CbK2Ml7UY8WeZYTFbuHZL5WR6M5QJsxX32DEEUA-2tMa-umW0=w500-rw
Đế tản nhiệt Laptop Cooler Master C3,None,230.000đ,https://lh3.googleusercontent.com/9xa_AVllEWDIiNqjwOlf5twzYnbQDn3VxitAcOV7FULuwKNMJqpU9DdJZwP404G8NZQ62NEA78yXxLu_33E=w500-rw
Ổ cứng SSD Plextor PX-256M8VC 256GB 2.5" SATA 3,1.090.000đ,990.000đ,https://lh3.googleusercontent.com/xyzX58IWTZK277EoSCFX62QJFbfhP9cYapXx44UP1fQd0d9OcQhUK5vlSV8qL9RRVQXTjQlTijZ7QmEXQA=w500-rw
Case máy tính Sama L03,None,300.000đ,https://lh3.googleusercontent.com/KEHRsfke5D0dyrwqSEP3L1p_cBTusEVVvLgL66jNLISPlSxKH0ltJzRTPpfPWYEN6O4N0w7_aaXba9XpWj8U=w500-rw
Nguồn máy tính Acbel HK+400,None,495.000đ,https://lh3.googleusercontent.com/T060CReGLvio63EJ3bCjEM4anQyJlcN3TPPYeCdQDM9-YSfPOPBZsyEgQ99maOjNbkZjU8jIpiJDGmAybg=w500-rw
Ổ cứng SSD Kingston 256GB 2.5" Sata (SKC600/256G),None,1.190.000đ,https://lh3.googleusercontent.com/-C4Fap7lJhm2lQWROIX5EdtQg5xcLiksfcawrGZHgGOL-saPv0d_jEkpcvfbKuxtAzqD8hnRIUAFtDlKBA=w500-rw
Case máy tính Golden Field X10 - Mid Tower (Đen),None,290.000đ,https://lh3.googleusercontent.com/-gr7dN7ZB8_SBQqUhe0wqO3umaqLkViMoz9dccRf_3CrXzACxgus6QenlEPyH6RnKqHq7m32sS1bIG41ZZ0=w500-rw
Card màn hình ASUS TUF Gaming X3 GeForce GTX 1660 SUPER OC edition 6GB GDDR6,None,8.600.000đ,https://lh3.googleusercontent.com/Wb-fkR_RzfMywojnkD_CRDaX4yvJWGLsOUHkyHyqwdrtKaW4lAta0VYz2yTHtjA9WdgjPLr6aKlK-QXieA=w500-rw
CPU Intel Core I5-8600K (3.6GHz),7.300.000đ,5.990.000đ,https://lh3.googleusercontent.com/GspstRuVBedfNQs0hvvJISOYxrQ84HVwbJuvJBSxZNAvACh9oW8P7ndsWlabH0C-UsK7jsYMwA1lrekR5U0r=w500-rw
RAM desktop G.SKILL Aegis F4-3000C16S-8GISB (1x8GB) DDR4 3000MHz,1.090.000đ,730.000đ,https://lh3.googleusercontent.com/FOH7XLACyWbfc-_egM0-Jq7eIAoRmCG5VpkNshZ4pG6t3qGCqKZcITnppxjw84J1sLQdcJ1B2y1N39GVFEdx=w500-rw
Mainboard ASUS PRIME H310M-K R2.0,None,1.580.000đ,https://lh3.googleusercontent.com/nqHzgvoOgNm1KOORPA1aCGht-mW3MHSIv1sbCiKAj3UXMiS4oc2OjS50bke29nccMlG8wBcnmosi15_EPw=w500-rw
Nguồn máy tính ARROW 24P - 500W,None,320.000đ,https://lh3.googleusercontent.com/Nl0TE23RkafMYPDbicwD4GUmSYKaxlrDk6FXSQuzHPvuehyMAkCqontmOVMdzDRo98uOg06Z8eAezGGhey8N=w500-rw
RAM desktop G.SKILL F4-2666C19S-8GNT (1x8GB) DDR4 2666MHz,None,890.000đ,https://lh3.googleusercontent.com/IME8fQ7xyl5s4Bel8Wj_ZA5tQdRIsXwp6Bt4ZIzYB0byajNTitp04QVk3voyPi730CdoErDpFro8peQ6XP0=w500-rw
RAM desktop G.SKILL Aegis F3-1600C11S-4GIS (1x4GB) DDR3 1600MHz,None,590.000đ,https://lh3.googleusercontent.com/MD72GZu_X_4uF2x3pzs6kUB4ViBGCLqoBnDsgdvjl03xuX4F0lc3LUQw4ksECRaCu_mK4QMFxV5b8aga4Q=w500-rw
Nguồn máy tính AcBel iPower G500 - 500W - 80 Plus White,950.000đ,800.000đ,https://lh3.googleusercontent.com/4PZhMi-QqsPaRXpFAcDxa-sNN0cG0Bvm8YcSzic_ROw8OHqWjaKiNjO6eQDogmEclntIt4KZGBrxlbMJmgLb=w500-rw
Ổ cứng HDD Western Digital Blue 2TB 3.5" SATA 3 - WD20EZAZ,None,1.490.000đ,https://lh3.googleusercontent.com/7F06sd0WO012NxyMwRIkrYY0i5CXVxJ9ZL3Fba8zUUkyWvGG1abYX4-Z2NUVQ5ng1YXwbPM3eQFar9sKmw=w500-rw
Thùng máy/ Case Xigmatek Gemini Queen (EN43835),None,799.000đ,https://lh3.googleusercontent.com/XqPdbatvr3slUGzS8lB9w9jVcOTHxQVzo04gsWCMSuS1jbHwIsxIjI94V0jcZbssCP2h8VqZAkrAwtId4VM=w500-rw
Đế tản nhiệt Laptop Cooler Master I100,None,339.000đ,https://lh3.googleusercontent.com/X0wi8_3oOlKwRSuWZlaybwKwQO67SCx-U-x5a_29qGqSh5dTFDQDz-TXukh8bnHSJhT34hYgt384eRKzhQ4=w500-rw
Thùng máy/ Case Sama S1 (No Power),None,400.000đ,https://lh3.googleusercontent.com/4tXO-xUQaisTedwjEa402qJpVhQ6HEt2LLxQfBucnDho-RW7KfB_Wm2sQw5hhd2KUUvvfE4dIDnNjltngS4=w500-rw
Thùng máy/ Case Deepcool Matrexx 50 ADD-RGB 4F,None,1.550.000đ,https://lh3.googleusercontent.com/scdpEE418yGKoH8-J5mguhD856n6SO6sEyDBcWDj7LYFBAePQ00fRQx38TDSfVW0afRYuFnJcBfX4DyazQ=w500-rw
Card màn hình GIGABYTE GeForce GTX 1650 4GB GDDR5 OC (GV-N1650OC-4GD),4.650.000đ,3.990.000đ,https://lh3.googleusercontent.com/6Arw92aVenJhYmwUj7P-8pLTxemAcxym_l3tV_1ZJ-md9vzNypDYYvz8bMX39qSiekVKoeEckdv0k_hGPpc=w500-rw
Ổ cứng SSD Kingston A2000 500GB M.2 2280 NVMe PCIe (SA2000M8/500G),2.290.000đ,1.770.000đ,https://lh3.googleusercontent.com/nqOpWFDxbPd611vBfkNtyKxzWzWd2Gph1P9lO5FpmQ8j1bGwK9h8JYGVI5NTkQqcQPNRq9YePM3Z4UMt8A=w500-rw
RAM desktop G.SKILL F4-2400C17S-4GNT (1x4GB) DDR4 2400MHz,None,590.000đ,https://lh3.googleusercontent.com/Ry_bJt7R3uIXpm_yD9DrrMNnDoqvEwZSQDnYC5dvjCWR7tEreMW4ElGNgMI0tZ2nH4wn-hlZrAUrm98321_o=w500-rw
Nguồn máy tính Acbel HK+350,None,460.000đ,https://lh3.googleusercontent.com/QO6Q2uEXRSmi1hORC7vra5vDGU_kf12kh1rsKFNY3W0v23M8uT26L0lyealc-juVAFhoVnte9S7UqoluEi4=w500-rw
RAM desktop G.SKILL RipJaws V F4-2800C17S-8GVR (1x8GB) DDR4 2800MHz,None,1.350.000đ,https://lh3.googleusercontent.com/1pmWVes3ml7UiCfAqqXIBCWRyIvLE8r_rYBVRBQClyHWZTb5KsnbW3ir0O17G-XWlDy8MtuOmS12sP2lFRQ=w500-rw
Mainboard GIGABYTE B450M Gaming,1.750.000đ,1.650.000đ,https://lh3.googleusercontent.com/mh71mqcaeYw2LcALXlNxW8GNMmRB8kZObYPDZYtis-EXJrO2dpQJMU8FHP1KXelJ3DEEQK-uOidC_A5OFoc=w500-rw
Ổ cứng SSD Samsung 860 Evo  250GB M.2 2280 SATA 3 - MZ-N6E250BW,1.590.000đ,1.480.000đ,https://lh3.googleusercontent.com/1GQ8SmPNHMlpIQtYKkDxN0HPLymKb7uKdSol8P2vAqcLjA3uauNqaxWFwir_9R6bTQw5d2Od8UO2QvfMSic=w500-rw
Ổ cứng SSD KINGMAX 128GB M.2 2280 SATA 3 - SA3080,690.000đ,520.000đ,https://lh3.googleusercontent.com/H0fdIm70pZUhDYRARFutkUuOYxuOhwoQFfLZsfMhOXlbqIfL0RrMgOkRnIXWV6cLA-k1xectzgRr0Juc1g=w500-rw
Case máy tính Jetek EM3,None,299.000đ,https://lh3.googleusercontent.com/mygBfuhEOJ7LUmQBIaJ_pqovasC8wnjAybPMvAi30tNjnGFRNPw71BbG0RqOUaIVs-LjUk_W2tiKTQP_nPw=w500-rw
Mainboard GIGABYTE B450M DS3H,1.750.000đ,1.690.000đ,https://lh3.googleusercontent.com/Fi-FuaEp6ipxhQL6ZM7e57Ck20QlvpDP00syTlZcJjX8PwOIA6A120dn7ugJBxIFJY2OiMeYRM1_AzsS4YQ=w500-rw
RAM ADATA XPG Z1 1x8GB DDR4 2666MHz - AX4U266638G19-SSZ1,1.590.000đ,1.474.000đ,https://lh3.googleusercontent.com/YgcoSxp_1tmmPLDu3JwJ6aGKvqKt-FPM4wH-6_I7D-zyud5n7GzjoYI4WscGZwuPgIA96zXdgdBqFVJHJcs=w500-rw
RAM laptop Crucial (1x4GB) DDR4 2666MHz,555.000đ,490.000đ,https://lh3.googleusercontent.com/fDNmRImfofYw5d-OdFAHxxneBkFH3_lC3mjXAF-gAHR698z4yYmwPkNMNEZ91240oxIf_80jawqRdFt6u7M=w500-rw
Quạt 120E,None,60.000đ,https://lh3.googleusercontent.com/kXDtqUVTWb8SMySLBL52WnaFnXjow9LJWdKB52RjdqWwee7kHU22waFWJtc4oS_GBx_-OUwYvRXZcvJU=w500-rw
Card màn hình MSI GeForce GT 1030 2GB GDDR5 AERO (GT-1030-AERO-ITX-2G-OC),2.230.000đ,2.050.000đ,https://lh3.googleusercontent.com/I7YMZ5VsLRAUjPAaA2eBHoDg1dUxq2E-a5DIsk_uEt_CWdomXKpLhZRU2sY9I68m4olsRW-37ZEfcrXx8w=w500-rw
RAM laptop Crucial (1x8GB) DDR4 2666MHz,980.000đ,870.000đ,https://lh3.googleusercontent.com/-ULIvozbI_-g5iRg3gUuqqg8j5um5ETGDHsNOSmw4UMbg4McwWAIEC-pZad9zax-Nkx1L8G0B6zn8yPee44=w500-rw
Tản nhiệt/ Fan laptop CM Ergostand Lite,None,680.000đ,https://lh3.googleusercontent.com/c6cusoDtvPp-X_x76qJw-L3S6AQwra7wFAWz0CTl2CDqJ0TBoeUEWm5LBsD26yvGhar9faWUeZ6VmGSLTPU=w500-rw
Card màn hình MSI GeForce GTX 1060 3GB GDDR5 ARMOR OCV1,6.190.000đ,4.590.000đ,https://lh3.googleusercontent.com/sJp3pRLtAJdMZK-g9nfVmxd4gFp-t0Oez50F3aBAeMVwFS6yiuAZmhycsumVGyMEJEUHpVWmePThFGTLA1I=w500-rw
Case máy tính Sama T10,None,380.000đ,https://lh3.googleusercontent.com/CgL_-h35Ps9Lj_5yFbcpouUOhG-J7AqvHHd7rhSdlw53EWmdc-EPeoGJgm9clsPy9FlYYdbeIuPOC9CUT4jw=w500-rw
Ổ cứng di động HDD Seagate Expansion Portable 1TB (2.5"/USB 3.0) (STEA1000400),None,1.550.000đ,https://lh3.googleusercontent.com/vVDfwFYK14AvryTiFV9RqfE2xSg-3DcVvdaiG_0QIk358-SqNdUDK2sdlMvFD8MA_K25KBXITPy4nhA-RUVE=w500-rw
RAM desktop CORSAIR Vengeance RGB Pro CMW16GX4M2D3000C16 (2x8GB) DDR4 3000MHz,None,2.190.000đ,https://lh3.googleusercontent.com/ErdcPOZ624aRG3gsm1fjUyNzRwyQtYcPIXlYbwA54tnfk_JuaiiNfdTLwmROcvdS_khoNSAoZjWzXgvmfQ=w500-rw
Quạt CPU ID-COOLING SE-234-RGB,None,849.000đ,https://lh3.googleusercontent.com/NRrXhJQ3J3gT8zqPr6VOW9cgsvbLxA3SnsWnZOINgwzDDKtHBIzwcvG5t8QB37E0Q-7UkBTCCS7n7Lw-U0D9=w500-rw
Quạt 9cm,None,19.000đ,https://lh3.googleusercontent.com/szRwwKqKxHpnKAmrTn-5xjvaXru8RYOcj2vwIM3dBWVjgsoVAAxYZOBE08U6NAIS97QpIuX3vr4cyAdoB0-R=w500-rw
RAM desktop ADATA AX4U240038G16-SBG (1x8GB) DDR4 2400MHz,1.790.000đ,790.000đ,https://lh3.googleusercontent.com/-ka_OV-kcNx-mcd6WIrBAv4s4G4t1K12CixkpUfj5R3mB4fO---76gO_xpHFQQ7wq6PCn7-QTYoto1Edyt0=w500-rw
Thùng máy/ Case Xigmatek Gemini (EN41654) (No Fan),None,699.000đ,https://lh3.googleusercontent.com/MVEQDZxwM7et4rXstoeD3F7b3xxXSrZqhM5fuZr1oPxa2bc36RpH_Z2X_xOwhErr9spTMuev5c0FtQamLQ=w500-rw
CPU Intel Core I5-7500 (3.4GHz - 3.8GHz),5.970.000đ,4.990.000đ,https://lh3.googleusercontent.com/LUn30kLZ5pdzvbgK7jCsLRODAASteiMXpJqlAlq8AKMDdk-XPGkWGEaJdnBLNgGzPdnarpusilnRQWHU3jM=w500-rw
Box ổ cứng 2.5'' Orico 2189U3 SSD/HDD Sata 3 USB 3.0,182.000đ,129.000đ,https://lh3.googleusercontent.com/f8LeCJJxDvFIoUfdzQo593-ZboW6sv_w1BDzqTtpBbukWV2-WYmN8UbSmfp-mynaILZNvzU2j_zC6G-NQY0=w500-rw
Mainboard GIGABYTE Z390 GAMING X,4.090.000đ,3.890.000đ,https://lh3.googleusercontent.com/sPp4uEdNbaP_fUXRGdykhw3OAjFTY_Vn1AO-4hgxZwNFuaGgYNW0vnLZTgt2n3_c9NyAJMQkdxirWNz1ZZg=w500-rw
CPU Intel Pentium G5400 (2C/4T - 3.7 GHz - 4MB) - LGA 1151-v2,None,1.690.000đ,https://lh3.googleusercontent.com/ALS2xzvwdQtIM6OG7rIcURL3Txb451q5cVHVqI_EOXeOs1ayAWe828ilBOx27jpDM5bUksl-ZrDAK4MITi4=w500-rw
Quạt Sama Halo Dual Ring Regular RGB,None,185.000đ,https://lh3.googleusercontent.com/l6VJF8E2tTrJrx0spL4uvKvyvjwLg2A00sl6TgxkNymAXl1LNFk-2pfUclzFouBzL5TlavZfAkBkcq6Vh7zR=w500-rw
Nguồn máy tính Aerocool LUX RGB 650W - 650W - 80 Plus Bronze - Semi Modular,None,1.250.000đ,https://lh3.googleusercontent.com/x9i_i8YwIUM0GvdY8KwmVAwn7IITnASYTEKFOpyeELDgMcXSK5GI4f7WTMxWrBrZNWlyWfcAeux2UUJutg=w500-rw
Ổ cứng SSD Gigabyte 512GB M.2 2280 NVMe Gen3 x4 (GP-GSM2NE3512GNTD),2.190.000đ,1.850.000đ,https://lh3.googleusercontent.com/0KFD5hDjqnu91TeWdyqKWIpXoS65mmpcSupWGgSWW60orAO92GX7UcUuADMaKP5OS8NkSoW1UuNHcYrxWg=w500-rw
RAM laptop G.SKILL RipJaws F4-2400C16S-4GRS (1x4GB) DDR4 2400MHz,None,530.000đ,https://lh3.googleusercontent.com/qPPhYmkVUP2ZHkc0VPwniCpacDTtF9KsRK1lbInFhc74Bd7xyzPmuJ0heuF2VCyilJBZprSMnOZ6PuhgA2A=w500-rw
Ổ cứng HDD Western Digital Blue  1TB 2.5" SATA 3 - WD10SPZX,None,1.290.000đ,https://lh3.googleusercontent.com/3y7drRRiEte3Vo0Y3Wqq-DCnGRTjW_pttUD2PZqo3U_tt18YWiUE3zTKFaMBgwo0kQScWtWZHD1t4sKTLA=w500-rw
RAM laptop Crucial (1x8GB) DDR4 2400MHz,None,980.000đ,https://lh3.googleusercontent.com/B0v29HWTAhwJKgF466cwAi5Rtw3pqHKox8VuUHMrPtfN56t0z0YEOexWNUiVsacdqSSl2phocl2lBmN9ew=w500-rw
Ổ cứng di động HDD Seagate Backup Plus Slim 1TB 2.5" USB 3.0 - STHN1000400 (Đen),None,1.790.000đ,https://lh3.googleusercontent.com/d8xcrdnhCD5sTat96_YkC9X0mG0L4UDe-jaYXk2Mq7Z7dxHXVzsTs3aqyobagQnZhyGx5ZRKi-QMXYrfqw=w500-rw
Card màn hình GIGABYTE GeForce GTX 1660 SUPER™ OC 6G 6GB GDDR6,None,6.690.000đ,https://lh3.googleusercontent.com/qiUyx061PZR1vmh87Y1CvtWAiFHoPXFKFYMZlEKU8S924tIEseXzWmW1skRwzx3Qu-q5lA519gbmnYd0nY4=w500-rw
Quạt case ID-COOLING DF-12025-ARGB TRIO (3 fan),None,749.000đ,https://lh3.googleusercontent.com/u3MPjJEOQWAhHOwiJxPNLNWhkQ_xJsqxZKLUd5n0YCgzlC122ireuxBuwtKbdEAuGf0AtV8uWuP1dBiYXVN4=w500-rw
CPU Intel Core I7-7700 (3.6GHz),9.100.000đ,6.990.000đ,https://lh3.googleusercontent.com/1BNbXuddiNBvI-F7fu4bA7Qf-_I04X3W1Et7wOr7WLEzstgmPtLOdP_WE3jGBhLP4pZwCL_jXmDbNqDDAw=w500-rw
CPU INTEL Core i5-10500 (6C/12T - 3.10 GHz Up to 4.50 GHz - 12MB) - 1200,None,5.690.000đ,https://lh3.googleusercontent.com/tYj9FMVm0z33mHOxHruvylMD84Vfvqy-2DEo1m8Ab5s0TNcQ0RsQDpSs6XrhOcMuaMQIWlN8eMqRAqaVDA=w500-rw
CPU INTEL Core i7-10700 (8C/16T - 2.90 GHz Up to 4.80 GHz - 16MB) - 1200,9.390.000đ,8.990.000đ,https://lh3.googleusercontent.com/OyvI-SB7mKaMsxdkjB8ObSg3-iXUL3SrRj1BXxsofPhH_58WdEUZ2xtOZ4aRxAySg5iKGt6yJDZAKUNc2zQ=w500-rw
Ổ cứng SSD KINGMAX SMV32 120GB 2.5" SATA 3,710.000đ,520.000đ,https://lh3.googleusercontent.com/dpNaIn7aMAQFc97cEFP7TUzEKRfM_sbNYHuiXT2D7pQM8aTnyfsGW2Fxid_zdDKtUtVo70yFNHDM2BMu0A=w500-rw
CPU AMD Athlon 3000G (2C/4T - 3.5 GHz - 4MB) - AM4,None,1.300.000đ,https://lh3.googleusercontent.com/UrCNKTPiEy48RekOWKG15-WA3gqQ9zbEylGE06hXvwnohMhXEect_wG2928-3FzP_aIzBlN_SMXsf1PR-QLt=w500-rw
Đế tản nhiệt Laptop DEEPCOOL N200,None,180.000đ,https://lh3.googleusercontent.com/5nHhup-5jS-HvWTYdUKQEZg-sDKwUGBWz51jAH_ch7NPapJKDqj6kD3DtoZnCZkyzpGWR8HeWcTAv_YpiYM=w500-rw
RAM desktop Crucial CT8G4DFS8266 (1x8GB) DDR4 2666MHz,1.090.000đ,810.000đ,https://lh3.googleusercontent.com/R6_alGnv0agEd_3k55jO27QfEcYzWe7i1p-VM2JWjIjBHS1ota5eM8HeW8jhScFEHnrQhTfY4m6I339QA68=w500-rw
Mainboard GIGABYTE Z390 UD,3.350.000đ,3.190.000đ,https://lh3.googleusercontent.com/6T0n2t7pcMYdw3ZQjkMIGnTe0DZ4xWuuqLTmWwyVCiIU7-xDJIACdaOmIeA1VVe9Bud-N0g3fdEVAaksw34=w500-rw
Tản khí DEEPCOOL CK-11509,None,115.000đ,https://lh3.googleusercontent.com/MkbvdqUBHRmqldeubkehcV2_MAlXYDkq9nIRBY9PrzKs56IP1bqVTDloqNctScFkg-09i1xEeh7MQ6DxXg=w500-rw
Ổ cứng di động HDD Transcend 25H3 1TB 2.5" USB 3.0,None,1.490.000đ,https://lh3.googleusercontent.com/xKueRpnSUJJos7NKWNaR2Xyq49E-L6p4ga9JTgX8moX34-j3dbsSP0dosvAB7r17qZHBdvXPNpp37xU9zduj=w500-rw
Tản khí Cooler Master XDream i117,None,220.000đ,https://lh3.googleusercontent.com/jsbH0nLEEUd0SYOuBsW8DCDAr0kc1jmibKjv6n1zjKxNH_twsz82y9lr7yZIjvYbPnHHy2hPWHzrgHdpqE8=w500-rw
RAM desktop KLEVV BOLT KM4B4GX1N (1x4GB) DDR4 2400MHz,890.000đ,490.000đ,https://lh3.googleusercontent.com/fwBS_JXg2ByP_g1eptSFKD0HSP1UUGF6fRo9ESS_NZ4kC50gDgOtnv3jwdWPfe5dhEw6U-Esaed096esoT4=w500-rw
Ổ cứng SSD Plextor PX-128M8VC 128GB 2.5" SATA 3,None,690.000đ,https://lh3.googleusercontent.com/Ps254pZsto5HsAPpWAD7JyneojXPEMS8R2KSZhnXiBTAJr5z7KMiUItieXp-hxoksGnmbdfDd5py85YrLW4=w500-rw
RAM desktop G.SKILL Trident Z F4-3200C16D-16GTZB (2x8GB) DDR4 3200MHz,None,2.590.000đ,https://lh3.googleusercontent.com/259O4fEHW3h1FQH3w4SEkRYKZn87-8uRtaQufL-9U50qsrZzY-x-neqmSoAECj4ofYPFDcOYJDBy9tEwO4Y=w500-rw
RAM laptop G.SKILL RipJaws F4-2400C16S-8GRS (1x8GB) DDR4 2400MHz,None,930.000đ,https://lh3.googleusercontent.com/qGzhK4I-OZ1PPjwhrzPzhfa1XKgrO_Zb4iQGG3GVP6cfRWBeBdSXm6bO6kdy2TRVicYcAmh1N3uV8X2OkE8=w500-rw
Case máy tính Sama M3,None,330.000đ,https://lh3.googleusercontent.com/B31QOQE8gLFdyEIj8mxpRLRGz8550X-iJPVE-75_Vn7YSy5o2a6-38O5IP8g1NakNUiFBDrxGTUfBXyiq5s=w500-rw
Quạt CPU Deepcool Gammaxx 400 Red V2 (LED Đỏ),None,570.000đ,https://lh3.googleusercontent.com/r4MW-WB8bCBzw9n7w8yKNd5j8UZLOEvZgJBpGIVQ2EmZl8tGTbpl53_BGrQwD250eFxch-X2XPXOoWgWVQ=w500-rw
CPU AMD Ryzen 5 2400G (4C/8T - 3.6 GHz - 3.9 GHz - 4MB) - AM4,4.390.000đ,3.190.000đ,https://lh3.googleusercontent.com/0ahPTmyQ7HuS83JUxU5BIjaSUXLpzuH6mkBUeUPbV_-3TJKxMyWL2HwSc6411FLxAtWor27POumf756pJGk=w500-rw
Mainboard ASROCK B460M-HDV,None,1.999.000đ,https://lh3.googleusercontent.com/IW6opUX65tFrkv5507z7X7HdYidkb0SDGQvRQ0MdXXYiI_AM8ESqWP0woqm6Ko_9p_U0RNM123XNHbUxMew=w500-rw
Mainboard GIGABYTE Z490 UD,3.990.000đ,3.890.000đ,https://lh3.googleusercontent.com/1f5wjcJZx94Nw7IAem7lYSlu5M0YUhhX27Ovz3iQ68Ctm6ZVjG9Gh6mTZPVsv58DcSUTNACMM5gN3C0X3Qw=w500-rw
ổ cứng SSD Kingmax M.2 2280 PCIe 256GB PQ3480 (Zeus- Gen3x4),1.250.000đ,1.090.000đ,https://lh3.googleusercontent.com/rIGoo7Q6Fj_xG272__OoS3iu2Uml3XHaBBk309YtrutyVZBF3R_0RjgQfCu-8wAYCzzWCpCRgDb1x6-4RJk=w500-rw
Nguồn máy tính AcBel iPower G600 - 600W - 80 Plus White,1.110.000đ,950.000đ,https://lh3.googleusercontent.com/mKolRfL-Uo4MygMzGjEPNxpyx07BlliGzcPjIm0BF-RB8L7Kp2PP_X2ajp-TLlKBOFxAtWk7uNI2u0MZRZ8=w500-rw
Ổ cứng HDD Western Digital Black 1TB 3.5" SATA 3 - WD1003FZEX,None,2.190.000đ,https://lh3.googleusercontent.com/H9xnqmEAh5qoG9nsSBwPTHPtCRSUdmJ0soVtqYlnlEjB7TaNk5AVrXbhrr_t2wYqJ8q81JzmfvL_qZ63nDU=w500-rw
Case máy tính Golden Field H3B - Mid Tower (Đen),None,550.000đ,https://lh3.googleusercontent.com/ZbkSXRcaQSvsZRZeHjTmKVVWUZTVow4iV_EU2AHsxZ3JFE_g7buNl2tw6K-jmSjoH8OlNxj5BseIgn0_MT0=w500-rw
Nguồn máy tính AcBel CE2+ - 450W,None,710.000đ,https://lh3.googleusercontent.com/aB0udxTOKX58m1WN544N0SDXCz-EIYivYdKQMWtwqBjfTZ9DplGRUtwPVKjb1HpHJ5iEw6-87qmLcjasYdA=w500-rw
Card màn hình GIGABYTE GeForce RTX 2060 6GB GDDR6 OC,9.150.000đ,8.650.000đ,https://lh3.googleusercontent.com/GJjBu_YZ_niyl67Osh_HA2BFIx0cZI3jIt6fPe3ALQ31HiLjB0i1clRSliBJ-NNcKLTBvKg13E5sCxjNDe0=w500-rw
Mainboard MSI B450 TOMAHAWK MAX,2.699.000đ,2.390.000đ,https://lh3.googleusercontent.com/t1ATl1W4hxek3tPnHKm16k4WuG5c5BXBDJRJpRNT59cyGQCkug1u3Exoy_i_EqLUATfZiiPciUITKw762k8=w500-rw
RAM desktop GeIL GP48GB2400C17SC (1x8GB) DDR4 2400MHz,1.890.000đ,1.789.000đ,https://lh3.googleusercontent.com/EVyFWLcIee-OGWBr6FZRp-sz0PKa1bMqrBUyUiUfkkZy2ANybA2KvUSfhI0Lz69a34D_mELQ4n70SSSLSdg=w500-rw
Ổ cứng SSD Transcend 820s 120GB M.2 2280 SATA 3,None,720.000đ,https://lh3.googleusercontent.com/_OxY8O1QQBlaFVReH1jvqqzLiW0tm4_iLPPJXajYyKaDvlxx4u8WTxPXt2xdZv1YW-B58ZUdr1Gc1LwfXEE=w500-rw
Ổ cứng SSD Patriot Burst 240GB 2.5" SATA 3 - PBU240GS25SSDR,1.590.000đ,1.474.000đ,https://lh3.googleusercontent.com/QKlMGI_C36YQeh6HyyUlt5avhtDVjFSBL9PkOBt_CutLGCYGFmaYdFoNGx2VJEwxftmPcyTD6-nJMmZOZJs=w500-rw
Ổ cứng di động HDD Western Digital Elements Portable 4TB 2.5" USB 3.0 - WDBU6Y0040BBK-WESN (Đen),None,3.590.000đ,https://lh3.googleusercontent.com/Rfsc6beoQk0DRCDFucQexivaNWSkZIF7vZXRiHyPdnd6Fzisb4hHadtmLalaeufPJNblPQIZBX0xR6t05es=w500-rw
CPU AMD Ryzen 3 3100 (4C/8T - 3.6 GHz Up to 3.9 GHz - 16MB) - AM4,None,2.620.000đ,https://lh3.googleusercontent.com/59jPERNGXqwh6Q7WEFv_gNV_fZKiRjxY9JvnC3pyN4dtUmYUfl0nAahWLuA4eZ4_X1Q96E7Nrxzc_JwamQ=w500-rw
RAM laptop KINGSTON (1 x 16GB) DDR4 2666MHz (KVR26S19D8/16FE),None,1.990.000đ,https://lh3.googleusercontent.com/zkScNtr2eG522rAtkOw1mab2IX8bxUfgSp_F6pOKQGz9qHySOekNmt2Y3KM-W-8hAx4-lLzuFy0dWuBOsoA=w500-rw
Quạt Cooler Master Color 12cm,None,165.000đ,https://lh3.googleusercontent.com/-9JOEnBlH_8L428yihA9LxOQ_RScZI4ZdrXae5UuwKviaEyvPjTy7HClB6gdkWfPOF7giNfT9WtjKgm6hs8=w500-rw
RAM desktop CORSAIR Vengeance LPX CMK16GX4M2A2666C16 (2x8GB) DDR4 2666MHz,None,1.990.000đ,https://lh3.googleusercontent.com/0-diDBylkM37nWXd1Nc0aCPu1jbucpJtXsoO30inhh3dFJyXdhFAc3dNuTbmo-tNvo-Gr5oPuGPDO7KHiGQ=w500-rw
Ổ cứng HDD Seagate Skyhawk 2TB 3.5" SATA 3 - ST2000VX008,None,1.650.000đ,https://lh3.googleusercontent.com/n-UIDn_VcnRIFa8Hd80ehxObJjmO_C-ss8dWh4iEkTkpnUnXMZA-OAyOZen7bsUqzVrTACCxxL6kczZGwfPx=w500-rw
Card màn hình MSI GeForce GTX 1660 6GB GDDR5 VENTUS XS OC,None,6.900.000đ,https://lh3.googleusercontent.com/_9H-koZKiOsZ_0UhoACvEpGaojlL-sUGhfEE64ZJILA6a7brkyMUHb9EZkqRDHNWRaNWiIoke5bDZTyqBUnY=w500-rw
RAM laptop KINGMAX (1x4GB) DDR4 2666MHz,570.000đ,450.000đ,https://lh3.googleusercontent.com/BADBGESzD_VYnQMt5-9yaHxtiDyTmPo-quELp3ZwSw9HCMhR9Ocyow5jSSnXwFv7-DAjaCadAKMAWwf6u9g=w500-rw
Thùng máy/ Case Xigmatek OMG EN45244 (No Fan),649.000đ,560.000đ,https://lh3.googleusercontent.com/xtjM-K88RMoin35ALUS-8evAO9dLfjay6pi-fvea-QEnwmR4lH2FvjIfwPcBLLyQdMo7wCGZ95kpoI2zcQ=w500-rw
RAM desktop Apacer Panther Golden EK.08G2T.GEC (1x8GB) DDR4 2400MHz,1.790.000đ,1.432.000đ,https://lh3.googleusercontent.com/wElImueaSijBeQMESp05y1DGEpFexQQ1hQkNUCzvu94Y26H4V4d_xipuWqn41WdHhJULGvZJDwtsOpj-1yg=w500-rw
Mainboard ASUS PRIME B450M-A,1.890.000đ,1.670.000đ,https://lh3.googleusercontent.com/TuTVcYLOVIEg_iqe0ZCNBZWnL-LxuyGhCmk-fXkTJD35YfCNJzHCTit-EAPWUW8XNiQSVbNS5DbL-4dyEoI=w500-rw
Nguồn máy tính AcBel HK+ - 450W,None,595.000đ,https://lh3.googleusercontent.com/ZxBcb7flshUIuZkhrwQrasECm2pGfIGihgwQfhDZUvAyMQ7smzHb3us1Md26iZO5FLp5owOwxx1tcNTVKcY=w500-rw
RAM desktop Crucial Ballistix Sport LT BLS4G4D26BFSE (1x4GB) DDR4 2666MHz,None,690.000đ,https://lh3.googleusercontent.com/vniREPDm9wnBOroGbP4TIEMyZMcEBWImqh91YL_G2YSi2_HRIUdZzUfrcYluMC7Cgt2oA-djBFwzxWOP1A=w500-rw
Mainboard ASUS PRIME H310M-D R2.0,1.690.000đ,1.460.000đ,https://lh3.googleusercontent.com/yGl5enXtN28deuPR4wjMi6KTRTFi-JEQ9ITYF5-ymW2CkG5Y-5T13FmMk3GcaudB1rptRL0Y2Ikaunfukw=w500-rw
Nguồn máy tính Aerocool VX Plus 500 - 500W,None,540.000đ,https://lh3.googleusercontent.com/_w9iBQ0c7wjXivJVkomsNulFoXEnCN6NhaC7qfTEzTgWlZSx2pDzJoDd1ZCOBTQzu5I3_N4gMCf4pv7NheI=w500-rw
Ổ cứng SSD Kingston A400 480GB Sata 3 (SA400S37/480G),None,1.390.000đ,https://lh3.googleusercontent.com/Ljua2th4puMJ6JEfaVnBr97pN8iIitnQElvpgHTMMHK0pn0cy-CNhH1oRZgPuSsqV2e739w6HnvckjCX0V5W=w500-rw
Cáp chuyển đổi HDMI to DVI Unitek YC 220A,None,150.000đ,https://lh3.googleusercontent.com/MHcUgQhzmK8b0I-Nq23Qq1RG97RSqQJdHdgrE2TomAC056rz2HTdAvlf1xRWIvjjm8UuuXk7cJfbDUQr6g=w500-rw
RAM laptop Crucial (1x4GB) DDR4 2400MHz,555.000đ,490.000đ,https://lh3.googleusercontent.com/OfYdSfzn-FZ5XqqcE-cpjdqI81Y2SKngJIc_cIOhyTvOrtBJLoqP5ONN8Yqn5djQdiwP9eojF-FgNW-4mL7I=w500-rw
Mainboard ASUS ROG STRIX B460-G GAMING,3.690.000đ,2.900.000đ,https://lh3.googleusercontent.com/qBJMdDTyc2ReAxMzNUrGH7mrJbb88bseDnXYcM8svLU66bHtUuk1y35Kl9OYvaep3ahlGusYe48PHG-Cus4=w500-rw
RAM desktop ADATA Value AD4U266638G19-S (1x8GB) DDR4 2666MHz,950.000đ,826.000đ,https://lh3.googleusercontent.com/-z6kQyvcjAX8Y6sMxXpBwv-o7l4DWy1S0XJBn9eG3yxSPtljuxnXKqmcdfd3t3QhTeSnFu-t-6e2kJGxitk=w500-rw
RAM desktop CORSAIR Vengeance RGB Pro CMW32GX4M2D3000C16 (2x16GB) DDR4 3000MHz,None,3.990.000đ,https://lh3.googleusercontent.com/RRHJ5L5eTlANMCeD1paqUO3ivSUGCJ8YSk0vfjjeziiLihYTc8wYs_Hy6zMtY-IXjNVZ4YJgnFiO1EdtDfQ=w500-rw
Nguồn máy tính Cooler Master MWE White 400 V2 - 400W - 80 Plus White,None,850.000đ,https://lh3.googleusercontent.com/r6tb8ZafdK_86cuOd6ydRBlQ2Eqm1E_7_jqR-ZVfmLdIYtJ2QuQFD_WKuHB-0vBlYqBeOBDCPEWEYpbCPg=w500-rw
ổ cứng SSD Kingmax M.2 2280 PCIe 128GB PQ3480 (Zeus- Gen3x4),850.000đ,790.000đ,https://lh3.googleusercontent.com/etCnrcTQd7VIbPuVS3uvb0pd-1PaAtdVbz7q1-5jm9DizLcCBdfkasP1f1Ya8XlXGzXoDV6U6LgsNNldLNA=w500-rw
Ổ cứng SSD Samsung 860 Evo 1TB 2.5" SATA 3 - MZ-76E1T0BW,4.290.000đ,4.190.000đ,https://lh3.googleusercontent.com/-sbGFT53VInUnq4tct7QNmf-C9amlp8q5EM8mUdTPJWey3lgp4ZjTiwqCSdyWjt4OL4Gzo348vThoe28_r4=w500-rw
RAM desktop KLEVV BOLT KM4Z8GX1N (1x8GB) DDR4 2400MHz,1.690.000đ,1.179.900đ,https://lh3.googleusercontent.com/SmFqJZAuSGaI6-IUk7CFsYEH0HObistGObKWaOYz6vVANQ926Gg-xIMwr6-PYffyY5GVBiZeRjzmn7zlbg=w500-rw
Ổ cứng di động HDD Western Digital My Passport Ultra 2TB 2.5" USB C - WDBC3C0020BSL-WESN (Bạc),None,3.090.000đ,https://lh3.googleusercontent.com/3tXl6CbIzVWf7q5jygxETAy_unekA6_PfqHRbYH5oV0VCttPQC8l1t6Ns6Giw_EOyT9NXBkCJ2y1Nh8BLA=w500-rw
Ổ cứng HDD WD My Passport 1TB 2.5", 3.2 (WDBYVG0010BBL-WESN) (Xanh),None,1.690.000đ,https://lh3.googleusercontent.com/veSnjKvoTULZVIldfJ1nsBcTMmJWkz4_D4GsbA5oXYQNngef8hLFlMmEu11pFDHNIi7wEXAt8Yb604jneQ=w500-rw
Quạt CPU ID-COOLING SE-224-XT BASIC,None,650.000đ,https://lh3.googleusercontent.com/N6yHE3L6tl6zgFHloZXkYNDyzuLLp5BTf07h61AGsU48rGN1Ucde2nofdb-fKw7tQmx5UCVI7WxF4W7v9Ac=w500-rw
RAM laptop KINGSTON (1 x 8GB) DDR4 2400MHz (KVR24S17S8/8FE),1.050.000đ,850.000đ,https://lh3.googleusercontent.com/VGNCgohB34UQiwgkI6Ia2DBR6eLyEnar2pUOPTKQ9PWb1VjebclSrdgUFFJnoOIVpa099EDJONSKUi4l60w=w500-rw
Ổ cứng SSD Western Digital SSD WD Blue 1TB 2.5" SATA 3 - WDS100T2B0A,3.890.000đ,3.590.000đ,https://lh3.googleusercontent.com/5W0pcKA9QD-1Fg_0cbds8pZBjAgPpPpdxPqy-csQc-oH-Efn3aba-RDYv1FnlBuZe_gqc3Sy8NMYn7CrCg=w500-rw
RAM desktop GeIL GP48GB2400C16SC (1x8GB) DDR4 2400MHz,1.690.000đ,790.000đ,https://lh3.googleusercontent.com/0MxZHcP7E8RnhakS9aaakDU2Ws7Bh-CUXHsSDGPCnP3Z_QE4FWHSsqUTchpHZPjpbU_g-N1_9GqvQWnDYKU=w500-rw
Card màn hình GIGABYTE GeForce GTX 1660 6GB GDDR5 OC (GV-N1660OC-6GD),None,6.350.000đ,https://lh3.googleusercontent.com/tmeUbKQVluzd47xEH3grHCAK5JQSqSv8c4SDB5I35LHO12yDk78cmAcuLWkFfnZ2bgc0G5sGiC1M6Cg18oA=w500-rw
Thùng máy/ Case Xigmatek Venom EN41497 (No Fan),None,890.000đ,https://lh3.googleusercontent.com/PPM1fjN78jY4vWbD47kM9FcTsaBolptpBgyTtJqY_LpChbsOB5k6_IVqWRyHe4VVDwpcndmdDaR3Yx0GUk6z=w500-rw
Mainboard ASROCK H410M-HDV,None,1.569.000đ,https://lh3.googleusercontent.com/K5nkBIyRRNRRuZ71NRswPIW_V_WVO7PLRRdx1kbDZ6JIQFJs1BLL7MekwcaPjyKWKUmKLz9SD3GS8zUkcCQ=w500-rw
Quạt 8cm,None,14.000đ,https://lh3.googleusercontent.com/L2it_GJ6_pG0taWLaUV0EnDy4xXxNEjuWN5IItFyTgaGrP7Mojy5Mv1nM80QE-GZQhlie1lWOM-3fOMshg=w500-rw
Khay ổ cứng 2.5'' dày,None,380.000đ,https://lh3.googleusercontent.com/JqwTXip1Cye9NRPhwOskjHD-gX_PDN4FTlDr3dRyBQL5gykXFRzEkgy0p96eHfLe8IomNFHLG5rBNxT4jZbZ=w500-rw
RAM server Kingston KSM24ES8/8ME (1x8GB) DDR4 ECC 2400MHz,None,1.490.000đ,https://lh3.googleusercontent.com/SYBnq0t9fGtl4LJXY0QHkkFDqPyMIeAi5Xhj4XOi4ZmFjv9W5xiW3tQ9VgPFUBPZNGWEWEX61u5kg_fQu2YI=w500-rw
Ổ cứng SSD ADATA SX6000 LITE 128GB M.2 2280 NVMe - ASX6000LNP-128GT-C,None,890.000đ,https://lh3.googleusercontent.com/o922EyE7gPSbPTjiMI0BL-Ex_oT6OXNgPDnGWG2L5S5tHlp8DRdpp55VfQgzFFjG-Ivti7q_-KKUTQtkhWzA=w500-rw
Mainboard ASUS TUF B365M-PLUS GAMING,2.390.000đ,2.090.000đ,https://lh3.googleusercontent.com/OQmhFexFG-VqSo_o2arZzvslomURQsrI7HaJ_DELM4AXYb0VgfqqSt6PD-v4F0RU0hUv07u2T39hsdfJKjkR=w500-rw
Mainboard GIGABYTE B365M-D3H,2.390.000đ,2.230.000đ,https://lh3.googleusercontent.com/WEwoft_sMCWyBTD4E70zOP3oFZ2n--lZ1W2VaEYuyt4cI9zZZJh82r6K11GeY2qEkboAWIIRU_RKd_fUhA=w500-rw
Thùng máy/ Case Jetek EM4,None,250.000đ,https://lh3.googleusercontent.com/AlBWAYu7idlaU73SsK_1U9AlNKsDmSEmc-KVfrwVotWFHYqUeqFB8pG6OEeGhu_Jk38Hu571j90uiBtkSsc=w500-rw
Mainboard ASROCK B460M-Pro4,None,2.399.000đ,https://lh3.googleusercontent.com/m_sikVjgP7Ea1ULp5uFMPJPDqkfahiNbIleSY2A1VXO0N49WBgkhtX2iSG8A1eQ__cPw0uCVz_yDxsO5GQ=w500-rw
Tản khí Cooler Master Hyper 212 LED Turbo,None,820.000đ,https://lh3.googleusercontent.com/C63Ch_z9QAL9Gm7zCIq2KgNQTB85urNC7E94DxxZRmvgVDCf-ch9rDnTia4Wy7-Vu5HLNznK5fx8iD2wY9c=w500-rw
Quạt EROSI RGB 1,None,155.000đ,https://lh3.googleusercontent.com/N87RWHs22ZIhSgtupiim8bE55ca_49mQpEz38OidcudqNsipDPYEpk_jRISTv758kDPtovtzNunRrE4gjDc=w500-rw
Tản khí Cooler Master MasterAir MA621P TR4 Edition,None,1.370.000đ,https://lh3.googleusercontent.com/2EqHSe7szdUm_kueUnfqfK33u55LOT9XwYm03MG-iyMTTJe5nwLVvTdB_Xa2pKcGxnocsukwFoyv4n3AWZA=w500-rw
Mainboard ASROCK B460M Steel Legend,None,2.799.000đ,https://lh3.googleusercontent.com/ZcDsrC6fuzR-S1--RQF1ZXzFQb5Ub5nUo3rmfRWfeOeEBr_NVUMYMzlhsG5-pi3LBWMZ-yhSTvJuA4fvTw=w500-rw
Mainboard GIGABYTE Z490 GAMING X,4.850.000đ,4.690.000đ,https://lh3.googleusercontent.com/wsLLZy4tjxpanFRaIKUERBjXeExKxZ4jKRPhF91iObVm1sYcCa-Qo70amwVmC-x4RfOU8m-dhqvk17MAzXiV=w500-rw
Mainboard ASUS PRIME B365M-K,1.879.000đ,1.690.000đ,https://lh3.googleusercontent.com/C2GbIWGBEggZS6txFPXOuTGC6XBohAfkLUi7gvQgjqhug-vVgh58mSENLninJXTxSQnPQJA40GmUAY7veVCE=w500-rw
Mainboard ASRock B450M Pro4-F,1.690.000đ,1.600.000đ,https://lh3.googleusercontent.com/LtKAO7xgLYQ4yh52hrKaUqqcV6AUfENlN48t7WwnXCcrCpO-G873tayw3_Qrcn3TO9eullc0L-0LKoTk1v9X=w500-rw
Nguồn máy tính Jetek P500 - 500W - 80 Plus Bronze,1.229.000đ,939.000đ,https://lh3.googleusercontent.com/8Jrqmcl3Y6Sih8YYr6xEwiKcnNPGeFCT2tb6_557UQm3Hv3yhbjW4BG_ed_NsaRX36r9hiJ8BSIwEYEVopEr=w500-rw
Ổ cứng HDD WD My Passport 2TB 2.5", 3.2 (WDBYVG0020BBK-WESN) (Đen),2.790.000đ,2.590.000đ,https://lh3.googleusercontent.com/MnC0EoZvx4CqwVUCIj7aS4Wb1z6HoN-DMqJJk1Nk7C652KYXlC146R-Bf8wDGBDvS1yFBXIORtKO10Zi7s8=w500-rw
Quạt CPU Deepcool Gammaxx 400 Blue (LED Xanh),None,570.000đ,https://lh3.googleusercontent.com/vZbdWmn_BvstUK-7SWgF7N7lRXi0uZBEqmtteA5PZdV2Wir7D_VHOkekUEASV_akT2u8dVoGc9WACrWiSU4=w500-rw
Ổ cứng SSD Samsung 860 Evo 500GB M.2 2280 SATA 3 - MZ-N6E500BW,2.090.000đ,1.990.000đ,https://lh3.googleusercontent.com/aHF8galOCQ5nb5_N2pMpri58x5tF4VXPBDV3kWqjQTiEBpuVb1wmLm9A2Ih1WuoPzBBYOd4DEbJjwLt3DCOB=w500-rw
CPU AMD Ryzen 5 2600X (6C/12T - 3.6 GHz up to 4.2 GHz - 16MB) - AM4,4.790.000đ,4.390.000đ,https://lh3.googleusercontent.com/QH2o8bOLn9ue8BgKtTGdQN-cYIpuY9wdQ8busetwVO4H3NwEnqXiV11jSyowRoKuDjkSr0sr4mzAa1o6CLE=w500-rw
Quạt Sama Halo Dual Ring Rainbow RGB,None,295.000đ,https://lh3.googleusercontent.com/NW5jJrJ1fwqLi2-NaD5MwqvsUy-hQVjg7u1ICEnERMee7DQRnRCbSmCfRyufO54OL5qxzkvYCY8zDSfyYtdi=w500-rw
Nguồn máy tính Aerocool VX Plus 600 - 600W,None,750.000đ,https://lh3.googleusercontent.com/8uRHmULG_xLowkXb8iNvQYS8hd-rixbOerLJiYpT_wwTXrjHakUKkhZLaHanbKEr9f6ixX7LgQ_BpZ_CXS8=w500-rw
Ổ cứng SSD GIGABYTE AORUS RGB M.2 NVMe SSD 256GB 256GB M.2 2280 NVMe - GP-ASM2NE2256GTTDR,None,1.790.000đ,https://lh3.googleusercontent.com/0EFG2fa2nXZiPwRUvYcGul8dTWdGhDUaH8r0XlbcKaThl-bKlisiqVfwucEdiRw9Tar0Qecr3PVbMV9xeDlH=w500-rw
Thùng máy/ Case Antec NX110,None,590.000đ,https://lh3.googleusercontent.com/fHc3fHrP-kHufke2le33E0lrFej8wIJwzEyEdDysGLxa54r8KFfEkjVRLaXqMuLPXBp5FrN7sl-zvs97Ffs=w500-rw
CPU INTEL Core i9-10900K (10C/20T - 3.70 GHz Up to 5.30 GHz - 20MB) - 1200,None,14.190.000đ,https://lh3.googleusercontent.com/sLfT5QZ45SC-p4wCyUHdCnbZgEHrWsIhopPuw6QC3qHW4wD9FLIgjbkZkKHefPo0IK7PguV6VdXC6v483bY=w500-rw
Ổ cứng HDD Seagate Barracuda 4TB 3.5" SATA 3 - ST4000DM004,None,2.850.000đ,https://lh3.googleusercontent.com/TgyBNVmGM3D1v4cTDbEQrtPoaqLr9xLHumtB-Sm69COZLKfiu0EtZLufL0z_uouyq52MofmgmYycs9TrbTE=w500-rw
Nguồn máy tính AcBel iPower G700 - 700W - 80 Plus White,1.399.000đ,1.100.000đ,https://lh3.googleusercontent.com/GAtM8hxZ6yVSbuCKq071wUCUlKVxLJAIc2U0c1wReFn_v29bnB3E3OhT2JAXf9fnDqzz2oBqhzsqLhRtecg=w500-rw
RAM desktop G.SKILL Trident Z F4-3200C16D-32GTZ (2x16GB) DDR4 3200MHz,None,4.390.000đ,https://lh3.googleusercontent.com/0SPbY5dbqVOeMpaZJBufagjAarP5H32ToRBoiyfePgCP9QGGg31Wwew6RgtDOBMnnawuxFsXUElgdrV4KI8=w500-rw
RAM desktop Transcend TS1GLH64V4H (1x8GB) DDR4 2400MHz,2.050.000đ,2.000.000đ,https://lh3.googleusercontent.com/HMCGhZCLhEn9vfoKzhyWKoRQHBvKHrzikPzPrW1hqi9d0MCwUsNPd3652iA9IglklUfT2Q_vbLXmoTQnKA=w500-rw
Ổ cứng di động HDD Western Digital My Passport Ultra 2TB 2.5" USB C - WDBC3C0020BBL-WESN (Xanh),None,3.090.000đ,https://lh3.googleusercontent.com/10PwCT8XYBD4xnyVL7PJyZh_R_hqRKx59KEznUk53abZIf8uOXB9KrOXP4dzuc7oRr7DQ1mQS4hHiKgBzA=w500-rw
Ổ cứng HDD WD My Passport 1TB 2.5", 3.2 (WDBYVG0010BRD-WESN) (Đỏ),None,1.690.000đ,https://lh3.googleusercontent.com/gfoOuw2WQHIH_7BlVXesGbn4TEvZp0ranMjoHZYitNB5t9q72pzroODvYELLZyoNHS0O_ZQfI345vbox_fXf=w500-rw
Ổ cứng di động HDD Transcend M3S 1TB 2.5" USB 3.0 (Xám),None,1.490.000đ,https://lh3.googleusercontent.com/GtmXG9u6v0l-BDFjnD5UGhKS9P_Q1yhqQmDO1_NPLlj3lVpdw2WFiCPbYUotkX-ppElmVvy5TQizANmZBRKb=w500-rw
